{"licenses":[{"name":"","id":0,"url":""}],"info":{"contributor":"","date_created":"","description":"","url":"","version":"","year":""},"categories":[{"id":1,"name":"lightning-bolt","supercategory":""},{"id":2,"name":"building","supercategory":""}],"images":[{"id":1,"width":2160,"height":3840,"file_name":"frame_00000.jpg","license":0,"flickr_url":"","coco_url":"","date_captured":0},{"id":2,"width":2160,"height":3840,"file_name":"frame_00001.jpg","license":0,"flickr_url":"","coco_url":"","date_captured":0},{"id":3,"width":2160,"height":3840,"file_name":"frame_00002.jpg","license":0,"flickr_url":"","coco_url":"","date_captured":0},{"id":4,"width":2160,"height":3840,"file_name":"frame_00003.jpg","license":0,"flickr_url":"","coco_url":"","date_captured":0},{"id":5,"width":2160,"height":3840,"file_name":"frame_00004.jpg","license":0,"flickr_url":"","coco_url":"","date_captured":0},{"id":6,"width":2160,"height":3840,"file_name":"frame_00005.jpg","license":0,"flickr_url":"","coco_url":"","date_captured":0},{"id":7,"width":2160,"height":3840,"file_name":"frame_00006.jpg","license":0,"flickr_url":"","coco_url":"","date_captured":0},{"id":8,"width":2160,"height":3840,"file_name":"frame_00007.jpg","license":0,"flickr_url":"","coco_url":"","date_captured":0},{"id":9,"width":2160,"height":3840,"file_name":"frame_00008.jpg","license":0,"flickr_url":"","coco_url":"","date_captured":0},{"id":10,"width":2160,"height":3840,"file_name":"frame_00009.jpg","license":0,"flickr_url":"","coco_url":"","date_captured":0},{"id":11,"width":2160,"height":3840,"file_name":"frame_00010.jpg","license":0,"flickr_url":"","coco_url":"","date_captured":0},{"id":12,"width":2160,"height":3840,"file_name":"frame_00011.jpg","license":0,"flickr_url":"","coco_url":"","date_captured":0},{"id":13,"width":2160,"height":3840,"file_name":"frame_00012.jpg","license":0,"flickr_url":"","coco_url":"","date_captured":0},{"id":14,"width":2160,"height":3840,"file_name":"frame_00013.jpg","license":0,"flickr_url":"","coco_url":"","date_captured":0},{"id":15,"width":2160,"height":3840,"file_name":"frame_00014.jpg","license":0,"flickr_url":"","coco_url":"","date_captured":0},{"id":16,"width":2160,"height":3840,"file_name":"frame_00015.jpg","license":0,"flickr_url":"","coco_url":"","date_captured":0},{"id":17,"width":2160,"height":3840,"file_name":"frame_00016.jpg","license":0,"flickr_url":"","coco_url":"","date_captured":0},{"id":18,"width":2160,"height":3840,"file_name":"frame_00017.jpg","license":0,"flickr_url":"","coco_url":"","date_captured":0},{"id":19,"width":2160,"height":3840,"file_name":"frame_00018.jpg","license":0,"flickr_url":"","coco_url":"","date_captured":0},{"id":20,"width":2160,"height":3840,"file_name":"frame_00019.jpg","license":0,"flickr_url":"","coco_url":"","date_captured":0},{"id":21,"width":2160,"height":3840,"file_name":"frame_00020.jpg","license":0,"flickr_url":"","coco_url":"","date_captured":0},{"id":22,"width":2160,"height":3840,"file_name":"frame_00021.jpg","license":0,"flickr_url":"","coco_url":"","date_captured":0}],"annotations":[{"id":1,"image_id":1,"category_id":2,"segmentation":[],"area":285251.70349999995,"bbox":[12.37,1894.35,405.55,703.37],"iscrowd":0,"attributes":{"occluded":false,"rotation":0.0}},{"id":2,"image_id":1,"category_id":2,"segmentation":[],"area":244772.75999999998,"bbox":[449.6,1773.96,304.16,804.75],"iscrowd":0,"attributes":{"occluded":false,"rotation":0.0}},{"id":3,"image_id":2,"category_id":2,"segmentation":[],"area":244772.75999999998,"bbox":[449.6,1773.96,304.16,804.75],"iscrowd":0,"attributes":{"occluded":false,"rotation":0.0}},{"id":4,"image_id":2,"category_id":2,"segmentation":[],"area":285251.70349999995,"bbox":[12.37,1894.35,405.55,703.37],"iscrowd":0,"attributes":{"occluded":false,"rotation":0.0}},{"id":5,"image_id":3,"category_id":2,"segmentation":[],"area":244772.75999999998,"bbox":[449.6,1773.96,304.16,804.75],"iscrowd":0,"attributes":{"occluded":false,"rotation":0.0}},{"id":6,"image_id":3,"category_id":2,"segmentation":[],"area":285251.70349999995,"bbox":[12.37,1894.35,405.55,703.37],"iscrowd":0,"attributes":{"occluded":false,"rotation":0.0}},{"id":7,"image_id":4,"category_id":2,"segmentation":[],"area":244772.75999999998,"bbox":[449.6,1773.96,304.16,804.75],"iscrowd":0,"attributes":{"occluded":false,"rotation":0.0}},{"id":8,"image_id":4,"category_id":2,"segmentation":[],"area":285251.70349999995,"bbox":[12.37,1894.35,405.55,703.37],"iscrowd":0,"attributes":{"occluded":false,"rotation":0.0}},{"id":9,"image_id":5,"category_id":2,"segmentation":[],"area":244772.75999999998,"bbox":[449.6,1773.96,304.16,804.75],"iscrowd":0,"attributes":{"occluded":false,"rotation":0.0}},{"id":10,"image_id":5,"category_id":2,"segmentation":[],"area":285251.70349999995,"bbox":[12.37,1894.35,405.55,703.37],"iscrowd":0,"attributes":{"occluded":false,"rotation":0.0}},{"id":11,"image_id":6,"category_id":2,"segmentation":[],"area":244772.75999999998,"bbox":[449.6,1773.96,304.16,804.75],"iscrowd":0,"attributes":{"occluded":false,"rotation":0.0}},{"id":12,"image_id":6,"category_id":2,"segmentation":[],"area":285251.70349999995,"bbox":[12.37,1894.35,405.55,703.37],"iscrowd":0,"attributes":{"occluded":false,"rotation":0.0}},{"id":13,"image_id":7,"category_id":2,"segmentation":[],"area":285251.70349999995,"bbox":[12.37,1894.35,405.55,703.37],"iscrowd":0,"attributes":{"occluded":false,"rotation":0.0}},{"id":14,"image_id":7,"category_id":2,"segmentation":[],"area":244772.75999999998,"bbox":[449.6,1773.96,304.16,804.75],"iscrowd":0,"attributes":{"occluded":false,"rotation":0.0}},{"id":15,"image_id":8,"category_id":2,"segmentation":[],"area":285251.70349999995,"bbox":[12.37,1894.35,405.55,703.37],"iscrowd":0,"attributes":{"occluded":false,"rotation":0.0}},{"id":16,"image_id":8,"category_id":2,"segmentation":[],"area":244772.75999999998,"bbox":[449.6,1773.96,304.16,804.75],"iscrowd":0,"attributes":{"occluded":false,"rotation":0.0}},{"id":17,"image_id":9,"category_id":1,"segmentation":[],"area":1791244.5163000005,"bbox":[-28.57,1247.92,2190.83,817.61],"iscrowd":0,"attributes":{"occluded":false,"rotation":359.1}},{"id":18,"image_id":9,"category_id":2,"segmentation":[],"area":285251.70349999995,"bbox":[12.37,1894.35,405.55,703.37],"iscrowd":0,"attributes":{"occluded":false,"rotation":0.0}},{"id":19,"image_id":9,"category_id":2,"segmentation":[],"area":244772.75999999998,"bbox":[449.6,1773.96,304.16,804.75],"iscrowd":0,"attributes":{"occluded":false,"rotation":0.0}},{"id":20,"image_id":10,"category_id":2,"segmentation":[],"area":244772.75999999998,"bbox":[449.6,1773.96,304.16,804.75],"iscrowd":0,"attributes":{"occluded":false,"rotation":0.0}},{"id":21,"image_id":10,"category_id":2,"segmentation":[],"area":285251.70349999995,"bbox":[12.37,1894.35,405.55,703.37],"iscrowd":0,"attributes":{"occluded":false,"rotation":0.0}},{"id":22,"image_id":10,"category_id":1,"segmentation":[],"area":1164275.9553999999,"bbox":[18.43,1476.43,2135.62,545.17],"iscrowd":0,"attributes":{"occluded":false,"rotation":359.1}},{"id":23,"image_id":11,"category_id":2,"segmentation":[],"area":285251.70349999995,"bbox":[12.37,1894.35,405.55,703.37],"iscrowd":0,"attributes":{"occluded":false,"rotation":0.0}},{"id":24,"image_id":11,"category_id":2,"segmentation":[],"area":244772.75999999998,"bbox":[449.6,1773.96,304.16,804.75],"iscrowd":0,"attributes":{"occluded":false,"rotation":0.0}},{"id":25,"image_id":11,"category_id":1,"segmentation":[],"area":1053456.6384000003,"bbox":[25.05,1444.44,1679.19,627.36],"iscrowd":0,"attributes":{"occluded":false,"rotation":0.0}},{"id":26,"image_id":12,"category_id":1,"segmentation":[],"area":381036.83929999993,"bbox":[75.74,1590.2,823.81,462.53],"iscrowd":0,"attributes":{"occluded":false,"rotation":0.0}},{"id":27,"image_id":12,"category_id":2,"segmentation":[],"area":285251.70349999995,"bbox":[12.37,1894.35,405.55,703.37],"iscrowd":0,"attributes":{"occluded":false,"rotation":0.0}},{"id":28,"image_id":12,"category_id":2,"segmentation":[],"area":244772.75999999998,"bbox":[449.6,1773.96,304.16,804.75],"iscrowd":0,"attributes":{"occluded":false,"rotation":0.0}},{"id":29,"image_id":13,"category_id":2,"segmentation":[],"area":285251.70349999995,"bbox":[12.37,1894.35,405.55,703.37],"iscrowd":0,"attributes":{"occluded":false,"rotation":0.0}},{"id":30,"image_id":13,"category_id":2,"segmentation":[],"area":244772.75999999998,"bbox":[449.6,1773.96,304.16,804.75],"iscrowd":0,"attributes":{"occluded":false,"rotation":0.0}},{"id":31,"image_id":14,"category_id":2,"segmentation":[],"area":285251.70349999995,"bbox":[12.37,1894.35,405.55,703.37],"iscrowd":0,"attributes":{"occluded":false,"rotation":0.0}},{"id":32,"image_id":14,"category_id":2,"segmentation":[],"area":244772.75999999998,"bbox":[449.6,1773.96,304.16,804.75],"iscrowd":0,"attributes":{"occluded":false,"rotation":0.0}},{"id":33,"image_id":15,"category_id":2,"segmentation":[],"area":285251.70349999995,"bbox":[12.37,1894.35,405.55,703.37],"iscrowd":0,"attributes":{"occluded":false,"rotation":0.0}},{"id":34,"image_id":15,"category_id":2,"segmentation":[],"area":244772.75999999998,"bbox":[449.6,1773.96,304.16,804.75],"iscrowd":0,"attributes":{"occluded":false,"rotation":0.0}},{"id":35,"image_id":16,"category_id":2,"segmentation":[],"area":244772.75999999998,"bbox":[449.6,1773.96,304.16,804.75],"iscrowd":0,"attributes":{"occluded":false,"rotation":0.0}},{"id":36,"image_id":16,"category_id":2,"segmentation":[],"area":285251.70349999995,"bbox":[12.37,1894.35,405.55,703.37],"iscrowd":0,"attributes":{"occluded":false,"rotation":0.0}},{"id":37,"image_id":17,"category_id":2,"segmentation":[],"area":285251.70349999995,"bbox":[12.37,1894.35,405.55,703.37],"iscrowd":0,"attributes":{"occluded":false,"rotation":0.0}},{"id":38,"image_id":17,"category_id":2,"segmentation":[],"area":244772.75999999998,"bbox":[449.6,1773.96,304.16,804.75],"iscrowd":0,"attributes":{"occluded":false,"rotation":0.0}},{"id":39,"image_id":18,"category_id":2,"segmentation":[],"area":285251.70349999995,"bbox":[12.37,1894.35,405.55,703.37],"iscrowd":0,"attributes":{"occluded":false,"rotation":0.0}},{"id":40,"image_id":18,"category_id":2,"segmentation":[],"area":244772.75999999998,"bbox":[449.6,1773.96,304.16,804.75],"iscrowd":0,"attributes":{"occluded":false,"rotation":0.0}},{"id":41,"image_id":19,"category_id":2,"segmentation":[],"area":285251.70349999995,"bbox":[12.37,1894.35,405.55,703.37],"iscrowd":0,"attributes":{"occluded":false,"rotation":0.0}},{"id":42,"image_id":19,"category_id":2,"segmentation":[],"area":244772.75999999998,"bbox":[449.6,1773.96,304.16,804.75],"iscrowd":0,"attributes":{"occluded":false,"rotation":0.0}},{"id":43,"image_id":20,"category_id":2,"segmentation":[],"area":244772.75999999998,"bbox":[449.6,1773.96,304.16,804.75],"iscrowd":0,"attributes":{"occluded":false,"rotation":0.0}},{"id":44,"image_id":20,"category_id":2,"segmentation":[],"area":285251.70349999995,"bbox":[12.37,1894.35,405.55,703.37],"iscrowd":0,"attributes":{"occluded":false,"rotation":0.0}},{"id":45,"image_id":21,"category_id":2,"segmentation":[],"area":244772.75999999998,"bbox":[449.6,1773.96,304.16,804.75],"iscrowd":0,"attributes":{"occluded":false,"rotation":0.0}},{"id":46,"image_id":21,"category_id":2,"segmentation":[],"area":285251.70349999995,"bbox":[12.37,1894.35,405.55,703.37],"iscrowd":0,"attributes":{"occluded":false,"rotation":0.0}},{"id":47,"image_id":22,"category_id":2,"segmentation":[],"area":244772.75999999998,"bbox":[449.6,1773.96,304.16,804.75],"iscrowd":0,"attributes":{"occluded":false,"rotation":0.0}},{"id":48,"image_id":22,"category_id":2,"segmentation":[],"area":285251.70349999995,"bbox":[12.37,1894.35,405.55,703.37],"iscrowd":0,"attributes":{"occluded":false,"rotation":0.0}}]}