{"licenses":[{"name":"","id":0,"url":""}],"info":{"contributor":"","date_created":"","description":"","url":"","version":"","year":""},"categories":[{"id":1,"name":"lightning-bolt","supercategory":""}],"images":[{"id":1,"width":1920,"height":1080,"file_name":"frame_000000.png","license":0,"flickr_url":"","coco_url":"","date_captured":0},{"id":2,"width":1920,"height":1080,"file_name":"frame_000001.png","license":0,"flickr_url":"","coco_url":"","date_captured":0},{"id":3,"width":1920,"height":1080,"file_name":"frame_000002.png","license":0,"flickr_url":"","coco_url":"","date_captured":0},{"id":4,"width":1920,"height":1080,"file_name":"frame_000003.png","license":0,"flickr_url":"","coco_url":"","date_captured":0},{"id":5,"width":1920,"height":1080,"file_name":"frame_000004.png","license":0,"flickr_url":"","coco_url":"","date_captured":0},{"id":6,"width":1920,"height":1080,"file_name":"frame_000005.png","license":0,"flickr_url":"","coco_url":"","date_captured":0},{"id":7,"width":1920,"height":1080,"file_name":"frame_000006.png","license":0,"flickr_url":"","coco_url":"","date_captured":0},{"id":8,"width":1920,"height":1080,"file_name":"frame_000007.png","license":0,"flickr_url":"","coco_url":"","date_captured":0},{"id":9,"width":1920,"height":1080,"file_name":"frame_000008.png","license":0,"flickr_url":"","coco_url":"","date_captured":0},{"id":10,"width":1920,"height":1080,"file_name":"frame_000009.png","license":0,"flickr_url":"","coco_url":"","date_captured":0},{"id":11,"width":1920,"height":1080,"file_name":"frame_000010.png","license":0,"flickr_url":"","coco_url":"","date_captured":0},{"id":12,"width":1920,"height":1080,"file_name":"frame_000011.png","license":0,"flickr_url":"","coco_url":"","date_captured":0},{"id":13,"width":1920,"height":1080,"file_name":"frame_000012.png","license":0,"flickr_url":"","coco_url":"","date_captured":0},{"id":14,"width":1920,"height":1080,"file_name":"frame_000013.png","license":0,"flickr_url":"","coco_url":"","date_captured":0},{"id":15,"width":1920,"height":1080,"file_name":"frame_000014.png","license":0,"flickr_url":"","coco_url":"","date_captured":0},{"id":16,"width":1920,"height":1080,"file_name":"frame_000015.png","license":0,"flickr_url":"","coco_url":"","date_captured":0},{"id":17,"width":1920,"height":1080,"file_name":"frame_000016.png","license":0,"flickr_url":"","coco_url":"","date_captured":0},{"id":18,"width":1920,"height":1080,"file_name":"frame_000017.png","license":0,"flickr_url":"","coco_url":"","date_captured":0},{"id":19,"width":1920,"height":1080,"file_name":"frame_000018.png","license":0,"flickr_url":"","coco_url":"","date_captured":0},{"id":20,"width":1920,"height":1080,"file_name":"frame_000019.png","license":0,"flickr_url":"","coco_url":"","date_captured":0},{"id":21,"width":1920,"height":1080,"file_name":"frame_000020.png","license":0,"flickr_url":"","coco_url":"","date_captured":0},{"id":22,"width":1920,"height":1080,"file_name":"frame_000021.png","license":0,"flickr_url":"","coco_url":"","date_captured":0},{"id":23,"width":1920,"height":1080,"file_name":"frame_000022.png","license":0,"flickr_url":"","coco_url":"","date_captured":0},{"id":24,"width":1920,"height":1080,"file_name":"frame_000023.png","license":0,"flickr_url":"","coco_url":"","date_captured":0},{"id":25,"width":1920,"height":1080,"file_name":"frame_000024.png","license":0,"flickr_url":"","coco_url":"","date_captured":0},{"id":26,"width":1920,"height":1080,"file_name":"frame_000025.png","license":0,"flickr_url":"","coco_url":"","date_captured":0},{"id":27,"width":1920,"height":1080,"file_name":"frame_000026.png","license":0,"flickr_url":"","coco_url":"","date_captured":0},{"id":28,"width":1920,"height":1080,"file_name":"frame_000027.png","license":0,"flickr_url":"","coco_url":"","date_captured":0},{"id":29,"width":1920,"height":1080,"file_name":"frame_000028.png","license":0,"flickr_url":"","coco_url":"","date_captured":0},{"id":30,"width":1920,"height":1080,"file_name":"frame_000029.png","license":0,"flickr_url":"","coco_url":"","date_captured":0},{"id":31,"width":1920,"height":1080,"file_name":"frame_000030.png","license":0,"flickr_url":"","coco_url":"","date_captured":0},{"id":32,"width":1920,"height":1080,"file_name":"frame_000031.png","license":0,"flickr_url":"","coco_url":"","date_captured":0},{"id":33,"width":1920,"height":1080,"file_name":"frame_000032.png","license":0,"flickr_url":"","coco_url":"","date_captured":0},{"id":34,"width":1920,"height":1080,"file_name":"frame_000033.png","license":0,"flickr_url":"","coco_url":"","date_captured":0},{"id":35,"width":1920,"height":1080,"file_name":"frame_000034.png","license":0,"flickr_url":"","coco_url":"","date_captured":0},{"id":36,"width":1920,"height":1080,"file_name":"frame_000035.png","license":0,"flickr_url":"","coco_url":"","date_captured":0},{"id":37,"width":1920,"height":1080,"file_name":"frame_000036.png","license":0,"flickr_url":"","coco_url":"","date_captured":0},{"id":38,"width":1920,"height":1080,"file_name":"frame_000037.png","license":0,"flickr_url":"","coco_url":"","date_captured":0},{"id":39,"width":1920,"height":1080,"file_name":"frame_000038.png","license":0,"flickr_url":"","coco_url":"","date_captured":0},{"id":40,"width":1920,"height":1080,"file_name":"frame_000039.png","license":0,"flickr_url":"","coco_url":"","date_captured":0},{"id":41,"width":1920,"height":1080,"file_name":"frame_000040.png","license":0,"flickr_url":"","coco_url":"","date_captured":0},{"id":42,"width":1920,"height":1080,"file_name":"frame_000041.png","license":0,"flickr_url":"","coco_url":"","date_captured":0},{"id":43,"width":1920,"height":1080,"file_name":"frame_000042.png","license":0,"flickr_url":"","coco_url":"","date_captured":0},{"id":44,"width":1920,"height":1080,"file_name":"frame_000043.png","license":0,"flickr_url":"","coco_url":"","date_captured":0},{"id":45,"width":1920,"height":1080,"file_name":"frame_000044.png","license":0,"flickr_url":"","coco_url":"","date_captured":0},{"id":46,"width":1920,"height":1080,"file_name":"frame_000045.png","license":0,"flickr_url":"","coco_url":"","date_captured":0},{"id":47,"width":1920,"height":1080,"file_name":"frame_000046.png","license":0,"flickr_url":"","coco_url":"","date_captured":0},{"id":48,"width":1920,"height":1080,"file_name":"frame_000047.png","license":0,"flickr_url":"","coco_url":"","date_captured":0},{"id":49,"width":1920,"height":1080,"file_name":"frame_000048.png","license":0,"flickr_url":"","coco_url":"","date_captured":0},{"id":50,"width":1920,"height":1080,"file_name":"frame_000049.png","license":0,"flickr_url":"","coco_url":"","date_captured":0},{"id":51,"width":1920,"height":1080,"file_name":"frame_000050.png","license":0,"flickr_url":"","coco_url":"","date_captured":0},{"id":52,"width":1920,"height":1080,"file_name":"frame_000051.png","license":0,"flickr_url":"","coco_url":"","date_captured":0},{"id":53,"width":1920,"height":1080,"file_name":"frame_000052.png","license":0,"flickr_url":"","coco_url":"","date_captured":0},{"id":54,"width":1920,"height":1080,"file_name":"frame_000053.png","license":0,"flickr_url":"","coco_url":"","date_captured":0},{"id":55,"width":1920,"height":1080,"file_name":"frame_000054.png","license":0,"flickr_url":"","coco_url":"","date_captured":0},{"id":56,"width":1920,"height":1080,"file_name":"frame_000055.png","license":0,"flickr_url":"","coco_url":"","date_captured":0},{"id":57,"width":1920,"height":1080,"file_name":"frame_000056.png","license":0,"flickr_url":"","coco_url":"","date_captured":0},{"id":58,"width":1920,"height":1080,"file_name":"frame_000057.png","license":0,"flickr_url":"","coco_url":"","date_captured":0},{"id":59,"width":1920,"height":1080,"file_name":"frame_000058.png","license":0,"flickr_url":"","coco_url":"","date_captured":0},{"id":60,"width":1920,"height":1080,"file_name":"frame_000059.png","license":0,"flickr_url":"","coco_url":"","date_captured":0},{"id":61,"width":1920,"height":1080,"file_name":"frame_000060.png","license":0,"flickr_url":"","coco_url":"","date_captured":0},{"id":62,"width":1920,"height":1080,"file_name":"frame_000061.png","license":0,"flickr_url":"","coco_url":"","date_captured":0},{"id":63,"width":1920,"height":1080,"file_name":"frame_000062.png","license":0,"flickr_url":"","coco_url":"","date_captured":0},{"id":64,"width":1920,"height":1080,"file_name":"frame_000063.png","license":0,"flickr_url":"","coco_url":"","date_captured":0},{"id":65,"width":1920,"height":1080,"file_name":"frame_000064.png","license":0,"flickr_url":"","coco_url":"","date_captured":0},{"id":66,"width":1920,"height":1080,"file_name":"frame_000065.png","license":0,"flickr_url":"","coco_url":"","date_captured":0},{"id":67,"width":1920,"height":1080,"file_name":"frame_000066.png","license":0,"flickr_url":"","coco_url":"","date_captured":0},{"id":68,"width":1920,"height":1080,"file_name":"frame_000067.png","license":0,"flickr_url":"","coco_url":"","date_captured":0},{"id":69,"width":1920,"height":1080,"file_name":"frame_000068.png","license":0,"flickr_url":"","coco_url":"","date_captured":0},{"id":70,"width":1920,"height":1080,"file_name":"frame_000069.png","license":0,"flickr_url":"","coco_url":"","date_captured":0},{"id":71,"width":1920,"height":1080,"file_name":"frame_000070.png","license":0,"flickr_url":"","coco_url":"","date_captured":0},{"id":72,"width":1920,"height":1080,"file_name":"frame_000071.png","license":0,"flickr_url":"","coco_url":"","date_captured":0},{"id":73,"width":1920,"height":1080,"file_name":"frame_000072.png","license":0,"flickr_url":"","coco_url":"","date_captured":0},{"id":74,"width":1920,"height":1080,"file_name":"frame_000073.png","license":0,"flickr_url":"","coco_url":"","date_captured":0},{"id":75,"width":1920,"height":1080,"file_name":"frame_000074.png","license":0,"flickr_url":"","coco_url":"","date_captured":0},{"id":76,"width":1920,"height":1080,"file_name":"frame_000075.png","license":0,"flickr_url":"","coco_url":"","date_captured":0},{"id":77,"width":1920,"height":1080,"file_name":"frame_000076.png","license":0,"flickr_url":"","coco_url":"","date_captured":0},{"id":78,"width":1920,"height":1080,"file_name":"frame_000077.png","license":0,"flickr_url":"","coco_url":"","date_captured":0},{"id":79,"width":1920,"height":1080,"file_name":"frame_000078.png","license":0,"flickr_url":"","coco_url":"","date_captured":0},{"id":80,"width":1920,"height":1080,"file_name":"frame_000079.png","license":0,"flickr_url":"","coco_url":"","date_captured":0},{"id":81,"width":1920,"height":1080,"file_name":"frame_000080.png","license":0,"flickr_url":"","coco_url":"","date_captured":0},{"id":82,"width":1920,"height":1080,"file_name":"frame_000081.png","license":0,"flickr_url":"","coco_url":"","date_captured":0},{"id":83,"width":1920,"height":1080,"file_name":"frame_000082.png","license":0,"flickr_url":"","coco_url":"","date_captured":0},{"id":84,"width":1920,"height":1080,"file_name":"frame_000083.png","license":0,"flickr_url":"","coco_url":"","date_captured":0},{"id":85,"width":1920,"height":1080,"file_name":"frame_000084.png","license":0,"flickr_url":"","coco_url":"","date_captured":0},{"id":86,"width":1920,"height":1080,"file_name":"frame_000085.png","license":0,"flickr_url":"","coco_url":"","date_captured":0},{"id":87,"width":1920,"height":1080,"file_name":"frame_000086.png","license":0,"flickr_url":"","coco_url":"","date_captured":0},{"id":88,"width":1920,"height":1080,"file_name":"frame_000087.png","license":0,"flickr_url":"","coco_url":"","date_captured":0},{"id":89,"width":1920,"height":1080,"file_name":"frame_000088.png","license":0,"flickr_url":"","coco_url":"","date_captured":0},{"id":90,"width":1920,"height":1080,"file_name":"frame_000089.png","license":0,"flickr_url":"","coco_url":"","date_captured":0},{"id":91,"width":1920,"height":1080,"file_name":"frame_000090.png","license":0,"flickr_url":"","coco_url":"","date_captured":0},{"id":92,"width":1920,"height":1080,"file_name":"frame_000091.png","license":0,"flickr_url":"","coco_url":"","date_captured":0},{"id":93,"width":1920,"height":1080,"file_name":"frame_000092.png","license":0,"flickr_url":"","coco_url":"","date_captured":0},{"id":94,"width":1920,"height":1080,"file_name":"frame_000093.png","license":0,"flickr_url":"","coco_url":"","date_captured":0},{"id":95,"width":1920,"height":1080,"file_name":"frame_000094.png","license":0,"flickr_url":"","coco_url":"","date_captured":0},{"id":96,"width":1920,"height":1080,"file_name":"frame_000095.png","license":0,"flickr_url":"","coco_url":"","date_captured":0},{"id":97,"width":1920,"height":1080,"file_name":"frame_000096.png","license":0,"flickr_url":"","coco_url":"","date_captured":0},{"id":98,"width":1920,"height":1080,"file_name":"frame_000097.png","license":0,"flickr_url":"","coco_url":"","date_captured":0},{"id":99,"width":1920,"height":1080,"file_name":"frame_000098.png","license":0,"flickr_url":"","coco_url":"","date_captured":0},{"id":100,"width":1920,"height":1080,"file_name":"frame_000099.png","license":0,"flickr_url":"","coco_url":"","date_captured":0},{"id":101,"width":1920,"height":1080,"file_name":"frame_000100.png","license":0,"flickr_url":"","coco_url":"","date_captured":0},{"id":102,"width":1920,"height":1080,"file_name":"frame_000101.png","license":0,"flickr_url":"","coco_url":"","date_captured":0}],"annotations":[{"id":1,"image_id":62,"category_id":1,"segmentation":[],"area":19201.15119999999,"bbox":[1457.17,372.5,283.37,67.76],"iscrowd":0,"attributes":{"occluded":false,"rotation":0.0}},{"id":2,"image_id":63,"category_id":1,"segmentation":[],"area":438564.8739999999,"bbox":[855.2,48.56,880.9,497.86],"iscrowd":0,"attributes":{"occluded":false,"rotation":0.4}},{"id":3,"image_id":64,"category_id":1,"segmentation":[],"area":419201.24399999995,"bbox":[164.22,251.36,1568.28,267.3],"iscrowd":0,"attributes":{"occluded":false,"rotation":0.0}},{"id":4,"image_id":65,"category_id":1,"segmentation":[],"area":341818.288,"bbox":[171.31,260.2,1559.39,219.2],"iscrowd":0,"attributes":{"occluded":false,"rotation":0.0}},{"id":5,"image_id":66,"category_id":1,"segmentation":[],"area":390527.739,"bbox":[174.87,242.4,1554.03,251.3],"iscrowd":0,"attributes":{"occluded":false,"rotation":0.0}},{"id":6,"image_id":67,"category_id":1,"segmentation":[],"area":357409.6182,"bbox":[171.31,245.9,1554.09,229.98],"iscrowd":0,"attributes":{"occluded":false,"rotation":0.0}},{"id":7,"image_id":68,"category_id":1,"segmentation":[],"area":384664.896,"bbox":[178.44,251.3,1552.32,247.8],"iscrowd":0,"attributes":{"occluded":false,"rotation":0.0}},{"id":8,"image_id":69,"category_id":1,"segmentation":[],"area":465244.9296,"bbox":[180.22,237.1,1554.08,299.37],"iscrowd":0,"attributes":{"occluded":false,"rotation":0.0}},{"id":9,"image_id":70,"category_id":1,"segmentation":[],"area":379899.67999999993,"bbox":[256.9,235.3,1470.2,258.4],"iscrowd":0,"attributes":{"occluded":false,"rotation":0.0}},{"id":10,"image_id":71,"category_id":1,"segmentation":[],"area":353676.49,"bbox":[283.6,247.8,1448.9,244.1],"iscrowd":0,"attributes":{"occluded":false,"rotation":0.0}},{"id":11,"image_id":72,"category_id":1,"segmentation":[],"area":349645.28,"bbox":[338.82,230.0,1391.9,251.2],"iscrowd":0,"attributes":{"occluded":false,"rotation":0.0}},{"id":12,"image_id":73,"category_id":1,"segmentation":[],"area":280055.426,"bbox":[447.57,244.23,1277.8,219.17],"iscrowd":0,"attributes":{"occluded":false,"rotation":0.0}},{"id":13,"image_id":74,"category_id":1,"segmentation":[],"area":267106.38000000006,"bbox":[524.23,247.79,1199.4,222.7],"iscrowd":0,"attributes":{"occluded":false,"rotation":0.0}},{"id":14,"image_id":75,"category_id":1,"segmentation":[],"area":266986.47699999996,"bbox":[543.81,233.52,1179.79,226.3],"iscrowd":0,"attributes":{"occluded":false,"rotation":0.0}},{"id":15,"image_id":76,"category_id":1,"segmentation":[],"area":212888.79300000003,"bbox":[718.4,249.5,1012.31,210.3],"iscrowd":0,"attributes":{"occluded":false,"rotation":0.0}},{"id":16,"image_id":77,"category_id":1,"segmentation":[],"area":124733.39060000003,"bbox":[1046.36,265.58,686.14,181.79],"iscrowd":0,"attributes":{"occluded":false,"rotation":0.0}},{"id":17,"image_id":78,"category_id":1,"segmentation":[],"area":124726.52919999996,"bbox":[1051.7,290.54,686.14,181.78],"iscrowd":0,"attributes":{"occluded":false,"rotation":0.0}},{"id":18,"image_id":79,"category_id":1,"segmentation":[],"area":95888.94999999998,"bbox":[1208.56,301.23,527.5,181.78],"iscrowd":0,"attributes":{"occluded":false,"rotation":0.0}},{"id":19,"image_id":80,"category_id":1,"segmentation":[],"area":217681.29459999996,"bbox":[1247.7,10.73,486.58,447.37],"iscrowd":0,"attributes":{"occluded":false,"rotation":0.0}},{"id":20,"image_id":81,"category_id":1,"segmentation":[],"area":261659.489,"bbox":[1046.36,67.8,686.14,381.35],"iscrowd":0,"attributes":{"occluded":false,"rotation":0.0}},{"id":21,"image_id":82,"category_id":1,"segmentation":[],"area":253344.88499999998,"bbox":[1058.8,73.1,673.7,376.05],"iscrowd":0,"attributes":{"occluded":false,"rotation":0.0}},{"id":22,"image_id":83,"category_id":1,"segmentation":[],"area":43130.35999999999,"bbox":[1329.7,98.06,390.32,110.5],"iscrowd":0,"attributes":{"occluded":false,"rotation":0.0}},{"id":23,"image_id":83,"category_id":1,"segmentation":[],"area":105195.379,"bbox":[1260.2,267.37,472.3,222.73],"iscrowd":0,"attributes":{"occluded":false,"rotation":0.0}},{"id":24,"image_id":84,"category_id":1,"segmentation":[],"area":82609.0118,"bbox":[1288.77,297.66,454.42,181.79],"iscrowd":0,"attributes":{"occluded":false,"rotation":0.0}},{"id":25,"image_id":85,"category_id":1,"segmentation":[],"area":82926.21820000002,"bbox":[1272.74,299.45,456.19,181.78],"iscrowd":0,"attributes":{"occluded":false,"rotation":0.0}}]}