{"licenses":[{"name":"","id":0,"url":""}],"info":{"contributor":"","date_created":"","description":"","url":"","version":"","year":""},"categories":[{"id":1,"name":"lightning-bolt","supercategory":""},{"id":2,"name":"tree","supercategory":""}],"images":[{"id":1,"width":1920,"height":1080,"file_name":"frame_000000.png","license":0,"flickr_url":"","coco_url":"","date_captured":0},{"id":2,"width":1920,"height":1080,"file_name":"frame_000001.png","license":0,"flickr_url":"","coco_url":"","date_captured":0},{"id":3,"width":1920,"height":1080,"file_name":"frame_000002.png","license":0,"flickr_url":"","coco_url":"","date_captured":0},{"id":4,"width":1920,"height":1080,"file_name":"frame_000003.png","license":0,"flickr_url":"","coco_url":"","date_captured":0},{"id":5,"width":1920,"height":1080,"file_name":"frame_000004.png","license":0,"flickr_url":"","coco_url":"","date_captured":0},{"id":6,"width":1920,"height":1080,"file_name":"frame_000005.png","license":0,"flickr_url":"","coco_url":"","date_captured":0},{"id":7,"width":1920,"height":1080,"file_name":"frame_000006.png","license":0,"flickr_url":"","coco_url":"","date_captured":0},{"id":8,"width":1920,"height":1080,"file_name":"frame_000007.png","license":0,"flickr_url":"","coco_url":"","date_captured":0},{"id":9,"width":1920,"height":1080,"file_name":"frame_000008.png","license":0,"flickr_url":"","coco_url":"","date_captured":0},{"id":10,"width":1920,"height":1080,"file_name":"frame_000009.png","license":0,"flickr_url":"","coco_url":"","date_captured":0},{"id":11,"width":1920,"height":1080,"file_name":"frame_000010.png","license":0,"flickr_url":"","coco_url":"","date_captured":0},{"id":12,"width":1920,"height":1080,"file_name":"frame_000011.png","license":0,"flickr_url":"","coco_url":"","date_captured":0},{"id":13,"width":1920,"height":1080,"file_name":"frame_000012.png","license":0,"flickr_url":"","coco_url":"","date_captured":0},{"id":14,"width":1920,"height":1080,"file_name":"frame_000013.png","license":0,"flickr_url":"","coco_url":"","date_captured":0},{"id":15,"width":1920,"height":1080,"file_name":"frame_000014.png","license":0,"flickr_url":"","coco_url":"","date_captured":0},{"id":16,"width":1920,"height":1080,"file_name":"frame_000015.png","license":0,"flickr_url":"","coco_url":"","date_captured":0},{"id":17,"width":1920,"height":1080,"file_name":"frame_000016.png","license":0,"flickr_url":"","coco_url":"","date_captured":0},{"id":18,"width":1920,"height":1080,"file_name":"frame_000017.png","license":0,"flickr_url":"","coco_url":"","date_captured":0},{"id":19,"width":1920,"height":1080,"file_name":"frame_000018.png","license":0,"flickr_url":"","coco_url":"","date_captured":0},{"id":20,"width":1920,"height":1080,"file_name":"frame_000019.png","license":0,"flickr_url":"","coco_url":"","date_captured":0},{"id":21,"width":1920,"height":1080,"file_name":"frame_000020.png","license":0,"flickr_url":"","coco_url":"","date_captured":0},{"id":22,"width":1920,"height":1080,"file_name":"frame_000021.png","license":0,"flickr_url":"","coco_url":"","date_captured":0},{"id":23,"width":1920,"height":1080,"file_name":"frame_000022.png","license":0,"flickr_url":"","coco_url":"","date_captured":0},{"id":24,"width":1920,"height":1080,"file_name":"frame_000023.png","license":0,"flickr_url":"","coco_url":"","date_captured":0},{"id":25,"width":1920,"height":1080,"file_name":"frame_000024.png","license":0,"flickr_url":"","coco_url":"","date_captured":0},{"id":26,"width":1920,"height":1080,"file_name":"frame_000025.png","license":0,"flickr_url":"","coco_url":"","date_captured":0},{"id":27,"width":1920,"height":1080,"file_name":"frame_000026.png","license":0,"flickr_url":"","coco_url":"","date_captured":0},{"id":28,"width":1920,"height":1080,"file_name":"frame_000027.png","license":0,"flickr_url":"","coco_url":"","date_captured":0},{"id":29,"width":1920,"height":1080,"file_name":"frame_000028.png","license":0,"flickr_url":"","coco_url":"","date_captured":0},{"id":30,"width":1920,"height":1080,"file_name":"frame_000029.png","license":0,"flickr_url":"","coco_url":"","date_captured":0},{"id":31,"width":1920,"height":1080,"file_name":"frame_000030.png","license":0,"flickr_url":"","coco_url":"","date_captured":0},{"id":32,"width":1920,"height":1080,"file_name":"frame_000031.png","license":0,"flickr_url":"","coco_url":"","date_captured":0},{"id":33,"width":1920,"height":1080,"file_name":"frame_000032.png","license":0,"flickr_url":"","coco_url":"","date_captured":0},{"id":34,"width":1920,"height":1080,"file_name":"frame_000033.png","license":0,"flickr_url":"","coco_url":"","date_captured":0},{"id":35,"width":1920,"height":1080,"file_name":"frame_000034.png","license":0,"flickr_url":"","coco_url":"","date_captured":0},{"id":36,"width":1920,"height":1080,"file_name":"frame_000035.png","license":0,"flickr_url":"","coco_url":"","date_captured":0},{"id":37,"width":1920,"height":1080,"file_name":"frame_000036.png","license":0,"flickr_url":"","coco_url":"","date_captured":0},{"id":38,"width":1920,"height":1080,"file_name":"frame_000037.png","license":0,"flickr_url":"","coco_url":"","date_captured":0},{"id":39,"width":1920,"height":1080,"file_name":"frame_000038.png","license":0,"flickr_url":"","coco_url":"","date_captured":0},{"id":40,"width":1920,"height":1080,"file_name":"frame_000039.png","license":0,"flickr_url":"","coco_url":"","date_captured":0},{"id":41,"width":1920,"height":1080,"file_name":"frame_000040.png","license":0,"flickr_url":"","coco_url":"","date_captured":0},{"id":42,"width":1920,"height":1080,"file_name":"frame_000041.png","license":0,"flickr_url":"","coco_url":"","date_captured":0},{"id":43,"width":1920,"height":1080,"file_name":"frame_000042.png","license":0,"flickr_url":"","coco_url":"","date_captured":0},{"id":44,"width":1920,"height":1080,"file_name":"frame_000043.png","license":0,"flickr_url":"","coco_url":"","date_captured":0},{"id":45,"width":1920,"height":1080,"file_name":"frame_000044.png","license":0,"flickr_url":"","coco_url":"","date_captured":0},{"id":46,"width":1920,"height":1080,"file_name":"frame_000045.png","license":0,"flickr_url":"","coco_url":"","date_captured":0},{"id":47,"width":1920,"height":1080,"file_name":"frame_000046.png","license":0,"flickr_url":"","coco_url":"","date_captured":0},{"id":48,"width":1920,"height":1080,"file_name":"frame_000047.png","license":0,"flickr_url":"","coco_url":"","date_captured":0},{"id":49,"width":1920,"height":1080,"file_name":"frame_000048.png","license":0,"flickr_url":"","coco_url":"","date_captured":0},{"id":50,"width":1920,"height":1080,"file_name":"frame_000049.png","license":0,"flickr_url":"","coco_url":"","date_captured":0},{"id":51,"width":1920,"height":1080,"file_name":"frame_000050.png","license":0,"flickr_url":"","coco_url":"","date_captured":0},{"id":52,"width":1920,"height":1080,"file_name":"frame_000051.png","license":0,"flickr_url":"","coco_url":"","date_captured":0},{"id":53,"width":1920,"height":1080,"file_name":"frame_000052.png","license":0,"flickr_url":"","coco_url":"","date_captured":0},{"id":54,"width":1920,"height":1080,"file_name":"frame_000053.png","license":0,"flickr_url":"","coco_url":"","date_captured":0},{"id":55,"width":1920,"height":1080,"file_name":"frame_000054.png","license":0,"flickr_url":"","coco_url":"","date_captured":0},{"id":56,"width":1920,"height":1080,"file_name":"frame_000055.png","license":0,"flickr_url":"","coco_url":"","date_captured":0},{"id":57,"width":1920,"height":1080,"file_name":"frame_000056.png","license":0,"flickr_url":"","coco_url":"","date_captured":0},{"id":58,"width":1920,"height":1080,"file_name":"frame_000057.png","license":0,"flickr_url":"","coco_url":"","date_captured":0},{"id":59,"width":1920,"height":1080,"file_name":"frame_000058.png","license":0,"flickr_url":"","coco_url":"","date_captured":0},{"id":60,"width":1920,"height":1080,"file_name":"frame_000059.png","license":0,"flickr_url":"","coco_url":"","date_captured":0},{"id":61,"width":1920,"height":1080,"file_name":"frame_000060.png","license":0,"flickr_url":"","coco_url":"","date_captured":0},{"id":62,"width":1920,"height":1080,"file_name":"frame_000061.png","license":0,"flickr_url":"","coco_url":"","date_captured":0},{"id":63,"width":1920,"height":1080,"file_name":"frame_000062.png","license":0,"flickr_url":"","coco_url":"","date_captured":0},{"id":64,"width":1920,"height":1080,"file_name":"frame_000063.png","license":0,"flickr_url":"","coco_url":"","date_captured":0},{"id":65,"width":1920,"height":1080,"file_name":"frame_000064.png","license":0,"flickr_url":"","coco_url":"","date_captured":0},{"id":66,"width":1920,"height":1080,"file_name":"frame_000065.png","license":0,"flickr_url":"","coco_url":"","date_captured":0},{"id":67,"width":1920,"height":1080,"file_name":"frame_000066.png","license":0,"flickr_url":"","coco_url":"","date_captured":0},{"id":68,"width":1920,"height":1080,"file_name":"frame_000067.png","license":0,"flickr_url":"","coco_url":"","date_captured":0},{"id":69,"width":1920,"height":1080,"file_name":"frame_000068.png","license":0,"flickr_url":"","coco_url":"","date_captured":0},{"id":70,"width":1920,"height":1080,"file_name":"frame_000069.png","license":0,"flickr_url":"","coco_url":"","date_captured":0},{"id":71,"width":1920,"height":1080,"file_name":"frame_000070.png","license":0,"flickr_url":"","coco_url":"","date_captured":0},{"id":72,"width":1920,"height":1080,"file_name":"frame_000071.png","license":0,"flickr_url":"","coco_url":"","date_captured":0},{"id":73,"width":1920,"height":1080,"file_name":"frame_000072.png","license":0,"flickr_url":"","coco_url":"","date_captured":0},{"id":74,"width":1920,"height":1080,"file_name":"frame_000073.png","license":0,"flickr_url":"","coco_url":"","date_captured":0},{"id":75,"width":1920,"height":1080,"file_name":"frame_000074.png","license":0,"flickr_url":"","coco_url":"","date_captured":0},{"id":76,"width":1920,"height":1080,"file_name":"frame_000075.png","license":0,"flickr_url":"","coco_url":"","date_captured":0},{"id":77,"width":1920,"height":1080,"file_name":"frame_000076.png","license":0,"flickr_url":"","coco_url":"","date_captured":0},{"id":78,"width":1920,"height":1080,"file_name":"frame_000077.png","license":0,"flickr_url":"","coco_url":"","date_captured":0},{"id":79,"width":1920,"height":1080,"file_name":"frame_000078.png","license":0,"flickr_url":"","coco_url":"","date_captured":0},{"id":80,"width":1920,"height":1080,"file_name":"frame_000079.png","license":0,"flickr_url":"","coco_url":"","date_captured":0},{"id":81,"width":1920,"height":1080,"file_name":"frame_000080.png","license":0,"flickr_url":"","coco_url":"","date_captured":0},{"id":82,"width":1920,"height":1080,"file_name":"frame_000081.png","license":0,"flickr_url":"","coco_url":"","date_captured":0},{"id":83,"width":1920,"height":1080,"file_name":"frame_000082.png","license":0,"flickr_url":"","coco_url":"","date_captured":0},{"id":84,"width":1920,"height":1080,"file_name":"frame_000083.png","license":0,"flickr_url":"","coco_url":"","date_captured":0},{"id":85,"width":1920,"height":1080,"file_name":"frame_000084.png","license":0,"flickr_url":"","coco_url":"","date_captured":0},{"id":86,"width":1920,"height":1080,"file_name":"frame_000085.png","license":0,"flickr_url":"","coco_url":"","date_captured":0},{"id":87,"width":1920,"height":1080,"file_name":"frame_000086.png","license":0,"flickr_url":"","coco_url":"","date_captured":0},{"id":88,"width":1920,"height":1080,"file_name":"frame_000087.png","license":0,"flickr_url":"","coco_url":"","date_captured":0},{"id":89,"width":1920,"height":1080,"file_name":"frame_000088.png","license":0,"flickr_url":"","coco_url":"","date_captured":0},{"id":90,"width":1920,"height":1080,"file_name":"frame_000089.png","license":0,"flickr_url":"","coco_url":"","date_captured":0},{"id":91,"width":1920,"height":1080,"file_name":"frame_000090.png","license":0,"flickr_url":"","coco_url":"","date_captured":0},{"id":92,"width":1920,"height":1080,"file_name":"frame_000091.png","license":0,"flickr_url":"","coco_url":"","date_captured":0},{"id":93,"width":1920,"height":1080,"file_name":"frame_000092.png","license":0,"flickr_url":"","coco_url":"","date_captured":0},{"id":94,"width":1920,"height":1080,"file_name":"frame_000093.png","license":0,"flickr_url":"","coco_url":"","date_captured":0},{"id":95,"width":1920,"height":1080,"file_name":"frame_000094.png","license":0,"flickr_url":"","coco_url":"","date_captured":0},{"id":96,"width":1920,"height":1080,"file_name":"frame_000095.png","license":0,"flickr_url":"","coco_url":"","date_captured":0},{"id":97,"width":1920,"height":1080,"file_name":"frame_000096.png","license":0,"flickr_url":"","coco_url":"","date_captured":0},{"id":98,"width":1920,"height":1080,"file_name":"frame_000097.png","license":0,"flickr_url":"","coco_url":"","date_captured":0},{"id":99,"width":1920,"height":1080,"file_name":"frame_000098.png","license":0,"flickr_url":"","coco_url":"","date_captured":0},{"id":100,"width":1920,"height":1080,"file_name":"frame_000099.png","license":0,"flickr_url":"","coco_url":"","date_captured":0},{"id":101,"width":1920,"height":1080,"file_name":"frame_000100.png","license":0,"flickr_url":"","coco_url":"","date_captured":0},{"id":102,"width":1920,"height":1080,"file_name":"frame_000101.png","license":0,"flickr_url":"","coco_url":"","date_captured":0},{"id":103,"width":1920,"height":1080,"file_name":"frame_000102.png","license":0,"flickr_url":"","coco_url":"","date_captured":0},{"id":104,"width":1920,"height":1080,"file_name":"frame_000103.png","license":0,"flickr_url":"","coco_url":"","date_captured":0},{"id":105,"width":1920,"height":1080,"file_name":"frame_000104.png","license":0,"flickr_url":"","coco_url":"","date_captured":0},{"id":106,"width":1920,"height":1080,"file_name":"frame_000105.png","license":0,"flickr_url":"","coco_url":"","date_captured":0},{"id":107,"width":1920,"height":1080,"file_name":"frame_000106.png","license":0,"flickr_url":"","coco_url":"","date_captured":0},{"id":108,"width":1920,"height":1080,"file_name":"frame_000107.png","license":0,"flickr_url":"","coco_url":"","date_captured":0},{"id":109,"width":1920,"height":1080,"file_name":"frame_000108.png","license":0,"flickr_url":"","coco_url":"","date_captured":0},{"id":110,"width":1920,"height":1080,"file_name":"frame_000109.png","license":0,"flickr_url":"","coco_url":"","date_captured":0},{"id":111,"width":1920,"height":1080,"file_name":"frame_000110.png","license":0,"flickr_url":"","coco_url":"","date_captured":0},{"id":112,"width":1920,"height":1080,"file_name":"frame_000111.png","license":0,"flickr_url":"","coco_url":"","date_captured":0},{"id":113,"width":1920,"height":1080,"file_name":"frame_000112.png","license":0,"flickr_url":"","coco_url":"","date_captured":0},{"id":114,"width":1920,"height":1080,"file_name":"frame_000113.png","license":0,"flickr_url":"","coco_url":"","date_captured":0},{"id":115,"width":1920,"height":1080,"file_name":"frame_000114.png","license":0,"flickr_url":"","coco_url":"","date_captured":0},{"id":116,"width":1920,"height":1080,"file_name":"frame_000115.png","license":0,"flickr_url":"","coco_url":"","date_captured":0},{"id":117,"width":1920,"height":1080,"file_name":"frame_000116.png","license":0,"flickr_url":"","coco_url":"","date_captured":0},{"id":118,"width":1920,"height":1080,"file_name":"frame_000117.png","license":0,"flickr_url":"","coco_url":"","date_captured":0},{"id":119,"width":1920,"height":1080,"file_name":"frame_000118.png","license":0,"flickr_url":"","coco_url":"","date_captured":0},{"id":120,"width":1920,"height":1080,"file_name":"frame_000119.png","license":0,"flickr_url":"","coco_url":"","date_captured":0},{"id":121,"width":1920,"height":1080,"file_name":"frame_000120.png","license":0,"flickr_url":"","coco_url":"","date_captured":0},{"id":122,"width":1920,"height":1080,"file_name":"frame_000121.png","license":0,"flickr_url":"","coco_url":"","date_captured":0},{"id":123,"width":1920,"height":1080,"file_name":"frame_000122.png","license":0,"flickr_url":"","coco_url":"","date_captured":0},{"id":124,"width":1920,"height":1080,"file_name":"frame_000123.png","license":0,"flickr_url":"","coco_url":"","date_captured":0},{"id":125,"width":1920,"height":1080,"file_name":"frame_000124.png","license":0,"flickr_url":"","coco_url":"","date_captured":0},{"id":126,"width":1920,"height":1080,"file_name":"frame_000125.png","license":0,"flickr_url":"","coco_url":"","date_captured":0},{"id":127,"width":1920,"height":1080,"file_name":"frame_000126.png","license":0,"flickr_url":"","coco_url":"","date_captured":0},{"id":128,"width":1920,"height":1080,"file_name":"frame_000127.png","license":0,"flickr_url":"","coco_url":"","date_captured":0},{"id":129,"width":1920,"height":1080,"file_name":"frame_000128.png","license":0,"flickr_url":"","coco_url":"","date_captured":0},{"id":130,"width":1920,"height":1080,"file_name":"frame_000129.png","license":0,"flickr_url":"","coco_url":"","date_captured":0},{"id":131,"width":1920,"height":1080,"file_name":"frame_000130.png","license":0,"flickr_url":"","coco_url":"","date_captured":0},{"id":132,"width":1920,"height":1080,"file_name":"frame_000131.png","license":0,"flickr_url":"","coco_url":"","date_captured":0},{"id":133,"width":1920,"height":1080,"file_name":"frame_000132.png","license":0,"flickr_url":"","coco_url":"","date_captured":0},{"id":134,"width":1920,"height":1080,"file_name":"frame_000133.png","license":0,"flickr_url":"","coco_url":"","date_captured":0},{"id":135,"width":1920,"height":1080,"file_name":"frame_000134.png","license":0,"flickr_url":"","coco_url":"","date_captured":0},{"id":136,"width":1920,"height":1080,"file_name":"frame_000135.png","license":0,"flickr_url":"","coco_url":"","date_captured":0},{"id":137,"width":1920,"height":1080,"file_name":"frame_000136.png","license":0,"flickr_url":"","coco_url":"","date_captured":0},{"id":138,"width":1920,"height":1080,"file_name":"frame_000137.png","license":0,"flickr_url":"","coco_url":"","date_captured":0},{"id":139,"width":1920,"height":1080,"file_name":"frame_000138.png","license":0,"flickr_url":"","coco_url":"","date_captured":0},{"id":140,"width":1920,"height":1080,"file_name":"frame_000139.png","license":0,"flickr_url":"","coco_url":"","date_captured":0},{"id":141,"width":1920,"height":1080,"file_name":"frame_000140.png","license":0,"flickr_url":"","coco_url":"","date_captured":0},{"id":142,"width":1920,"height":1080,"file_name":"frame_000141.png","license":0,"flickr_url":"","coco_url":"","date_captured":0},{"id":143,"width":1920,"height":1080,"file_name":"frame_000142.png","license":0,"flickr_url":"","coco_url":"","date_captured":0},{"id":144,"width":1920,"height":1080,"file_name":"frame_000143.png","license":0,"flickr_url":"","coco_url":"","date_captured":0},{"id":145,"width":1920,"height":1080,"file_name":"frame_000144.png","license":0,"flickr_url":"","coco_url":"","date_captured":0},{"id":146,"width":1920,"height":1080,"file_name":"frame_000145.png","license":0,"flickr_url":"","coco_url":"","date_captured":0},{"id":147,"width":1920,"height":1080,"file_name":"frame_000146.png","license":0,"flickr_url":"","coco_url":"","date_captured":0}],"annotations":[{"id":1,"image_id":2,"category_id":1,"segmentation":[],"area":104352.68750000003,"bbox":[1451.82,242.45,395.65,263.75],"iscrowd":0,"attributes":{"occluded":false,"rotation":0.0}},{"id":2,"image_id":2,"category_id":2,"segmentation":[],"area":149483.92449999996,"bbox":[1329.72,548.95,443.77,336.85],"iscrowd":0,"attributes":{"occluded":false,"rotation":0.0}},{"id":3,"image_id":3,"category_id":2,"segmentation":[],"area":149483.92449999996,"bbox":[1329.72,548.95,443.77,336.85],"iscrowd":0,"attributes":{"occluded":false,"rotation":0.0}},{"id":4,"image_id":3,"category_id":1,"segmentation":[],"area":198261.49280000004,"bbox":[1325.29,210.36,507.92,390.34],"iscrowd":0,"attributes":{"occluded":false,"rotation":0.0}},{"id":5,"image_id":4,"category_id":1,"segmentation":[],"area":44589.600000000006,"bbox":[1594.4,385.01,180.0,247.72],"iscrowd":0,"attributes":{"occluded":false,"rotation":0.0}},{"id":6,"image_id":4,"category_id":2,"segmentation":[],"area":228114.82000000004,"bbox":[1162.22,564.99,677.2,336.85],"iscrowd":0,"attributes":{"occluded":false,"rotation":0.0}},{"id":7,"image_id":5,"category_id":1,"segmentation":[],"area":38717.104500000016,"bbox":[1597.05,422.42,188.91,204.95],"iscrowd":0,"attributes":{"occluded":false,"rotation":0.0}},{"id":8,"image_id":5,"category_id":2,"segmentation":[],"area":262238.11999999994,"bbox":[1151.46,563.21,743.2,352.85],"iscrowd":0,"attributes":{"occluded":false,"rotation":0.0}},{"id":9,"image_id":6,"category_id":2,"segmentation":[],"area":278079.4100000001,"bbox":[1139.02,554.3,757.4,367.15],"iscrowd":0,"attributes":{"occluded":false,"rotation":0.0}},{"id":10,"image_id":6,"category_id":1,"segmentation":[],"area":39911.45079999998,"bbox":[1589.05,411.74,183.56,217.43],"iscrowd":0,"attributes":{"occluded":false,"rotation":0.0}},{"id":11,"image_id":7,"category_id":1,"segmentation":[],"area":27950.2426,"bbox":[1574.79,465.21,178.22,156.83],"iscrowd":0,"attributes":{"occluded":false,"rotation":0.0}},{"id":12,"image_id":7,"category_id":1,"segmentation":[],"area":52139.51709999996,"bbox":[1223.7,383.23,203.17,256.63],"iscrowd":0,"attributes":{"occluded":false,"rotation":0.0}},{"id":13,"image_id":7,"category_id":2,"segmentation":[],"area":254733.42799999999,"bbox":[1172.9,554.3,714.64,356.45],"iscrowd":0,"attributes":{"occluded":false,"rotation":0.0}},{"id":14,"image_id":8,"category_id":2,"segmentation":[],"area":225723.1849999999,"bbox":[1160.4,548.95,670.1,336.85],"iscrowd":0,"attributes":{"occluded":false,"rotation":0.0}},{"id":15,"image_id":8,"category_id":1,"segmentation":[],"area":943634.9151999999,"bbox":[127.66,96.37,1276.01,739.52],"iscrowd":0,"attributes":{"occluded":false,"rotation":0.0}},{"id":16,"image_id":8,"category_id":2,"segmentation":[],"area":157501.61559999996,"bbox":[5.56,408.16,274.46,573.86],"iscrowd":0,"attributes":{"occluded":false,"rotation":0.0}},{"id":17,"image_id":8,"category_id":1,"segmentation":[],"area":35150.1392,"bbox":[1601.53,401.05,165.74,212.08],"iscrowd":0,"attributes":{"occluded":false,"rotation":0.0}},{"id":18,"image_id":9,"category_id":2,"segmentation":[],"area":149483.92449999996,"bbox":[1329.72,548.95,443.77,336.85],"iscrowd":0,"attributes":{"occluded":false,"rotation":0.0}},{"id":19,"image_id":9,"category_id":1,"segmentation":[],"area":39830.177499999976,"bbox":[1599.74,379.66,169.31,235.25],"iscrowd":0,"attributes":{"occluded":false,"rotation":0.0}},{"id":20,"image_id":9,"category_id":1,"segmentation":[],"area":659516.1055000002,"bbox":[215.02,265.59,1276.03,516.85],"iscrowd":0,"attributes":{"occluded":false,"rotation":0.0}},{"id":21,"image_id":9,"category_id":2,"segmentation":[],"area":157501.61559999996,"bbox":[5.56,408.16,274.46,573.86],"iscrowd":0,"attributes":{"occluded":false,"rotation":0.0}},{"id":22,"image_id":10,"category_id":1,"segmentation":[],"area":623856.7006,"bbox":[291.62,269.2,1245.77,500.78],"iscrowd":0,"attributes":{"occluded":false,"rotation":0.0}},{"id":23,"image_id":10,"category_id":1,"segmentation":[],"area":44673.06539999998,"bbox":[1597.96,379.66,172.87,258.42],"iscrowd":0,"attributes":{"occluded":false,"rotation":0.0}},{"id":24,"image_id":11,"category_id":1,"segmentation":[],"area":558759.125,"bbox":[432.42,260.3,1092.5,511.45],"iscrowd":0,"attributes":{"occluded":false,"rotation":0.0}},{"id":25,"image_id":11,"category_id":1,"segmentation":[],"area":45355.42880000004,"bbox":[1568.62,401.88,213.86,212.08],"iscrowd":0,"attributes":{"occluded":false,"rotation":0.0}},{"id":26,"image_id":12,"category_id":1,"segmentation":[],"area":289044.74239999993,"bbox":[769.25,286.9,727.12,397.52],"iscrowd":0,"attributes":{"occluded":false,"rotation":0.0}},{"id":27,"image_id":19,"category_id":1,"segmentation":[],"area":54423.14979999998,"bbox":[746.08,798.48,449.11,121.18],"iscrowd":0,"attributes":{"occluded":false,"rotation":0.0}},{"id":28,"image_id":20,"category_id":1,"segmentation":[],"area":143195.53500000003,"bbox":[318.4,784.22,873.25,163.98],"iscrowd":0,"attributes":{"occluded":false,"rotation":0.0}},{"id":29,"image_id":21,"category_id":1,"segmentation":[],"area":107810.77679999996,"bbox":[494.79,791.35,664.76,162.18],"iscrowd":0,"attributes":{"occluded":false,"rotation":0.0}},{"id":30,"image_id":24,"category_id":1,"segmentation":[],"area":36590.448,"bbox":[593.68,869.74,285.15,128.32],"iscrowd":0,"attributes":{"occluded":false,"rotation":0.0}},{"id":31,"image_id":26,"category_id":1,"segmentation":[],"area":330847.51499999996,"bbox":[1487.45,1.84,427.75,773.46],"iscrowd":0,"attributes":{"occluded":false,"rotation":0.0}},{"id":32,"image_id":26,"category_id":1,"segmentation":[],"area":70335.2379,"bbox":[1116.8,0.0,320.77,219.27],"iscrowd":0,"attributes":{"occluded":false,"rotation":0.0}},{"id":33,"image_id":27,"category_id":1,"segmentation":[],"area":330235.72229999996,"bbox":[1468.7,21.4,402.81,819.83],"iscrowd":0,"attributes":{"occluded":false,"rotation":0.0}},{"id":34,"image_id":27,"category_id":2,"segmentation":[],"area":258541.47279999996,"bbox":[1213.88,538.26,659.41,392.08],"iscrowd":0,"attributes":{"occluded":false,"rotation":0.0}},{"id":35,"image_id":28,"category_id":2,"segmentation":[],"area":258541.47279999996,"bbox":[1213.88,538.26,659.41,392.08],"iscrowd":0,"attributes":{"occluded":false,"rotation":0.0}},{"id":36,"image_id":28,"category_id":1,"segmentation":[],"area":300782.3078,"bbox":[1492.98,17.72,359.71,836.18],"iscrowd":0,"attributes":{"occluded":false,"rotation":359.9}},{"id":37,"image_id":29,"category_id":2,"segmentation":[],"area":258541.47279999996,"bbox":[1213.88,538.26,659.41,392.08],"iscrowd":0,"attributes":{"occluded":false,"rotation":0.0}},{"id":38,"image_id":29,"category_id":1,"segmentation":[],"area":297459.89009999996,"bbox":[1509.14,30.87,384.33,773.97],"iscrowd":0,"attributes":{"occluded":false,"rotation":0.6}},{"id":39,"image_id":30,"category_id":1,"segmentation":[],"area":286526.149,"bbox":[1515.72,51.63,366.73,781.3],"iscrowd":0,"attributes":{"occluded":false,"rotation":0.3}},{"id":40,"image_id":30,"category_id":2,"segmentation":[],"area":258541.47279999996,"bbox":[1213.88,538.26,659.41,392.08],"iscrowd":0,"attributes":{"occluded":false,"rotation":0.0}},{"id":41,"image_id":31,"category_id":1,"segmentation":[],"area":228130.03560000015,"bbox":[1569.33,47.5,292.07,781.08],"iscrowd":0,"attributes":{"occluded":false,"rotation":359.7}},{"id":42,"image_id":31,"category_id":2,"segmentation":[],"area":258541.47279999996,"bbox":[1213.88,538.26,659.41,392.08],"iscrowd":0,"attributes":{"occluded":false,"rotation":0.0}},{"id":43,"image_id":32,"category_id":2,"segmentation":[],"area":258541.47279999996,"bbox":[1213.88,538.26,659.41,392.08],"iscrowd":0,"attributes":{"occluded":false,"rotation":0.0}},{"id":44,"image_id":32,"category_id":1,"segmentation":[],"area":227068.68720000004,"bbox":[1570.96,57.29,301.24,753.78],"iscrowd":0,"attributes":{"occluded":false,"rotation":0.2}},{"id":45,"image_id":33,"category_id":2,"segmentation":[],"area":258541.47279999996,"bbox":[1213.88,538.26,659.41,392.08],"iscrowd":0,"attributes":{"occluded":false,"rotation":0.0}},{"id":46,"image_id":33,"category_id":1,"segmentation":[],"area":198441.12750000006,"bbox":[1592.83,102.73,271.15,731.85],"iscrowd":0,"attributes":{"occluded":false,"rotation":0.3}},{"id":47,"image_id":34,"category_id":2,"segmentation":[],"area":258541.47279999996,"bbox":[1213.88,538.26,659.41,392.08],"iscrowd":0,"attributes":{"occluded":false,"rotation":0.0}},{"id":48,"image_id":34,"category_id":1,"segmentation":[],"area":263437.0830000001,"bbox":[1555.85,-8.86,315.35,835.38],"iscrowd":0,"attributes":{"occluded":false,"rotation":359.9}},{"id":49,"image_id":35,"category_id":1,"segmentation":[],"area":269887.844,"bbox":[1535.2,0.0,311.8,865.58],"iscrowd":0,"attributes":{"occluded":false,"rotation":0.0}},{"id":50,"image_id":36,"category_id":1,"segmentation":[],"area":256119.15419999993,"bbox":[1539.21,6.47,306.59,835.38],"iscrowd":0,"attributes":{"occluded":false,"rotation":0.0}},{"id":51,"image_id":37,"category_id":1,"segmentation":[],"area":263587.45139999996,"bbox":[1539.15,11.76,315.53,835.38],"iscrowd":0,"attributes":{"occluded":false,"rotation":0.1}},{"id":52,"image_id":38,"category_id":1,"segmentation":[],"area":247105.40399999995,"bbox":[1553.5,6.47,295.8,835.38],"iscrowd":0,"attributes":{"occluded":false,"rotation":0.0}},{"id":53,"image_id":39,"category_id":1,"segmentation":[],"area":260388.7224,"bbox":[1536.28,9.84,319.01,816.24],"iscrowd":0,"attributes":{"occluded":false,"rotation":0.0}},{"id":54,"image_id":68,"category_id":1,"segmentation":[],"area":48568.0272,"bbox":[658.75,19.66,278.04,174.68],"iscrowd":0,"attributes":{"occluded":false,"rotation":0.0}},{"id":55,"image_id":69,"category_id":1,"segmentation":[],"area":53130.621600000006,"bbox":[585.61,16.1,219.24,242.34],"iscrowd":0,"attributes":{"occluded":false,"rotation":0.0}},{"id":56,"image_id":69,"category_id":1,"segmentation":[],"area":43196.221199999985,"bbox":[1698.64,55.1,221.61,194.92],"iscrowd":0,"attributes":{"occluded":false,"rotation":0.9}},{"id":57,"image_id":69,"category_id":1,"segmentation":[],"area":43581.99999999997,"bbox":[860.1,41.0,192.5,226.4],"iscrowd":0,"attributes":{"occluded":false,"rotation":0.0}},{"id":58,"image_id":70,"category_id":1,"segmentation":[],"area":74839.75280000002,"bbox":[1333.1,0.93,272.68,274.46],"iscrowd":0,"attributes":{"occluded":false,"rotation":0.0}},{"id":59,"image_id":70,"category_id":2,"segmentation":[],"area":351824.986,"bbox":[1171.11,604.2,744.95,472.28],"iscrowd":0,"attributes":{"occluded":false,"rotation":0.0}},{"id":60,"image_id":70,"category_id":2,"segmentation":[],"area":157942.12559999997,"bbox":[2.0,470.54,263.76,598.81],"iscrowd":0,"attributes":{"occluded":false,"rotation":0.0}},{"id":61,"image_id":70,"category_id":1,"segmentation":[],"area":202843.032,"bbox":[3.6,2.71,734.3,276.24],"iscrowd":0,"attributes":{"occluded":false,"rotation":0.0}},{"id":62,"image_id":70,"category_id":1,"segmentation":[],"area":86974.70329999996,"bbox":[1611.13,0.93,308.87,281.59],"iscrowd":0,"attributes":{"occluded":false,"rotation":0.0}},{"id":63,"image_id":70,"category_id":1,"segmentation":[],"area":61225.30889999998,"bbox":[818.0,15.2,235.31,260.19],"iscrowd":0,"attributes":{"occluded":false,"rotation":0.0}},{"id":64,"image_id":71,"category_id":1,"segmentation":[],"area":39588.13799999999,"bbox":[933.9,368.1,162.18,244.1],"iscrowd":0,"attributes":{"occluded":false,"rotation":0.0}},{"id":65,"image_id":71,"category_id":1,"segmentation":[],"area":103692.69900000004,"bbox":[1096.08,179.15,274.45,377.82],"iscrowd":0,"attributes":{"occluded":false,"rotation":0.0}},{"id":66,"image_id":71,"category_id":1,"segmentation":[],"area":445950.13460000005,"bbox":[417.1,0.93,450.86,989.11],"iscrowd":0,"attributes":{"occluded":false,"rotation":0.0}},{"id":67,"image_id":72,"category_id":1,"segmentation":[],"area":9403.735200000014,"bbox":[962.42,369.84,112.27,83.76],"iscrowd":0,"attributes":{"occluded":false,"rotation":0.0}},{"id":68,"image_id":72,"category_id":2,"segmentation":[],"area":177346.191,"bbox":[2.0,458.06,285.15,621.94],"iscrowd":0,"attributes":{"occluded":false,"rotation":0.0}},{"id":69,"image_id":72,"category_id":2,"segmentation":[],"area":379279.10159999994,"bbox":[1172.89,568.56,746.73,507.92],"iscrowd":0,"attributes":{"occluded":false,"rotation":0.0}},{"id":70,"image_id":72,"category_id":1,"segmentation":[],"area":107677.04090000004,"bbox":[568.56,2.71,238.81,450.89],"iscrowd":0,"attributes":{"occluded":false,"rotation":0.0}},{"id":71,"image_id":72,"category_id":1,"segmentation":[],"area":8181.603999999992,"bbox":[1103.21,376.97,99.8,81.98],"iscrowd":0,"attributes":{"occluded":false,"rotation":0.0}},{"id":72,"image_id":73,"category_id":1,"segmentation":[],"area":34335.27349999998,"bbox":[1001.62,460.73,204.95,167.53],"iscrowd":0,"attributes":{"occluded":false,"rotation":0.0}},{"id":73,"image_id":73,"category_id":1,"segmentation":[],"area":193995.21699999995,"bbox":[490.1,4.5,313.7,618.41],"iscrowd":0,"attributes":{"occluded":false,"rotation":0.0}},{"id":74,"image_id":73,"category_id":1,"segmentation":[],"area":103752.60200000001,"bbox":[810.93,8.06,294.05,352.84],"iscrowd":0,"attributes":{"occluded":false,"rotation":0.0}},{"id":75,"image_id":73,"category_id":1,"segmentation":[],"area":47770.47659999998,"bbox":[1279.68,416.18,245.91,194.26],"iscrowd":0,"attributes":{"occluded":false,"rotation":0.0}},{"id":76,"image_id":73,"category_id":2,"segmentation":[],"area":127553.29800000001,"bbox":[0.22,629.12,285.15,447.32],"iscrowd":0,"attributes":{"occluded":false,"rotation":0.0}},{"id":77,"image_id":73,"category_id":2,"segmentation":[],"area":334072.0673999999,"bbox":[1172.89,629.1,746.73,447.38],"iscrowd":0,"attributes":{"occluded":false,"rotation":0.0}},{"id":78,"image_id":74,"category_id":1,"segmentation":[],"area":188090.36900000004,"bbox":[860.83,104.3,335.05,561.38],"iscrowd":0,"attributes":{"occluded":false,"rotation":0.0}},{"id":79,"image_id":74,"category_id":1,"segmentation":[],"area":16009.203200000005,"bbox":[1327.76,533.8,124.76,128.32],"iscrowd":0,"attributes":{"occluded":false,"rotation":0.0}},{"id":80,"image_id":74,"category_id":2,"segmentation":[],"area":126007.78499999999,"bbox":[2.0,638.1,285.15,441.9],"iscrowd":0,"attributes":{"occluded":false,"rotation":0.0}},{"id":81,"image_id":74,"category_id":2,"segmentation":[],"area":379279.10159999994,"bbox":[1172.89,568.56,746.73,507.92],"iscrowd":0,"attributes":{"occluded":false,"rotation":0.0}},{"id":82,"image_id":74,"category_id":1,"segmentation":[],"area":189715.24669999996,"bbox":[550.73,2.71,286.93,661.19],"iscrowd":0,"attributes":{"occluded":false,"rotation":0.0}},{"id":83,"image_id":75,"category_id":1,"segmentation":[],"area":26420.630599999993,"bbox":[921.43,229.05,105.14,251.29],"iscrowd":0,"attributes":{"occluded":false,"rotation":0.0}},{"id":84,"image_id":75,"category_id":1,"segmentation":[],"area":350305.1999999999,"bbox":[470.54,2.71,360.0,973.07],"iscrowd":0,"attributes":{"occluded":false,"rotation":0.0}},{"id":85,"image_id":76,"category_id":1,"segmentation":[],"area":17643.600000000002,"bbox":[438.46,371.62,180.0,98.02],"iscrowd":0,"attributes":{"occluded":false,"rotation":0.0}},{"id":86,"image_id":76,"category_id":1,"segmentation":[],"area":13759.011000000006,"bbox":[210.34,476.77,101.58,135.45],"iscrowd":0,"attributes":{"occluded":false,"rotation":0.0}},{"id":87,"image_id":76,"category_id":1,"segmentation":[],"area":60348.856399999975,"bbox":[944.59,344.89,178.22,338.62],"iscrowd":0,"attributes":{"occluded":false,"rotation":0.0}},{"id":88,"image_id":76,"category_id":1,"segmentation":[],"area":76940.04239999998,"bbox":[709.35,398.36,133.66,575.64],"iscrowd":0,"attributes":{"occluded":false,"rotation":0.0}},{"id":89,"image_id":77,"category_id":1,"segmentation":[],"area":7114.742000000008,"bbox":[885.78,131.03,71.29,99.8],"iscrowd":0,"attributes":{"occluded":false,"rotation":0.0}},{"id":90,"image_id":77,"category_id":1,"segmentation":[],"area":291727.124,"bbox":[554.3,2.71,297.62,980.2],"iscrowd":0,"attributes":{"occluded":false,"rotation":0.0}},{"id":91,"image_id":77,"category_id":1,"segmentation":[],"area":15896.937000000007,"bbox":[1001.62,553.41,115.85,137.22],"iscrowd":0,"attributes":{"occluded":false,"rotation":0.0}},{"id":92,"image_id":78,"category_id":1,"segmentation":[],"area":116445.60000000005,"bbox":[898.26,150.63,215.64,540.0],"iscrowd":0,"attributes":{"occluded":false,"rotation":0.0}},{"id":93,"image_id":78,"category_id":1,"segmentation":[],"area":291727.124,"bbox":[554.3,2.71,297.62,980.2],"iscrowd":0,"attributes":{"occluded":false,"rotation":0.0}},{"id":94,"image_id":79,"category_id":1,"segmentation":[],"area":390591.0561,"bbox":[465.19,4.5,399.21,978.41],"iscrowd":0,"attributes":{"occluded":false,"rotation":0.0}},{"id":95,"image_id":80,"category_id":1,"segmentation":[],"area":132936.67999999996,"bbox":[887.5,99.8,228.1,582.8],"iscrowd":0,"attributes":{"occluded":false,"rotation":0.0}},{"id":96,"image_id":80,"category_id":1,"segmentation":[],"area":364278.93120000005,"bbox":[465.19,8.06,377.82,964.16],"iscrowd":0,"attributes":{"occluded":false,"rotation":0.0}},{"id":97,"image_id":81,"category_id":1,"segmentation":[],"area":364278.93120000005,"bbox":[465.19,8.06,377.82,964.16],"iscrowd":0,"attributes":{"occluded":false,"rotation":0.0}},{"id":98,"image_id":82,"category_id":1,"segmentation":[],"area":364278.93120000005,"bbox":[465.19,8.06,377.82,964.16],"iscrowd":0,"attributes":{"occluded":false,"rotation":0.0}},{"id":99,"image_id":83,"category_id":1,"segmentation":[],"area":364278.93120000005,"bbox":[465.19,8.06,377.82,964.16],"iscrowd":0,"attributes":{"occluded":false,"rotation":0.0}},{"id":100,"image_id":83,"category_id":2,"segmentation":[],"area":238244.20649999997,"bbox":[1172.89,568.55,746.73,319.05],"iscrowd":0,"attributes":{"occluded":false,"rotation":0.0}},{"id":101,"image_id":83,"category_id":2,"segmentation":[],"area":177346.191,"bbox":[2.0,458.06,285.15,621.94],"iscrowd":0,"attributes":{"occluded":false,"rotation":0.0}},{"id":102,"image_id":84,"category_id":1,"segmentation":[],"area":364278.93120000005,"bbox":[465.19,8.06,377.82,964.16],"iscrowd":0,"attributes":{"occluded":false,"rotation":0.0}},{"id":103,"image_id":84,"category_id":2,"segmentation":[],"area":177346.191,"bbox":[2.0,458.06,285.15,621.94],"iscrowd":0,"attributes":{"occluded":false,"rotation":0.0}},{"id":104,"image_id":84,"category_id":2,"segmentation":[],"area":188450.59350000002,"bbox":[1172.89,568.55,581.01,324.35],"iscrowd":0,"attributes":{"occluded":false,"rotation":0.0}},{"id":105,"image_id":85,"category_id":1,"segmentation":[],"area":119727.96220000008,"bbox":[892.91,145.29,220.99,541.78],"iscrowd":0,"attributes":{"occluded":false,"rotation":0.0}},{"id":106,"image_id":85,"category_id":2,"segmentation":[],"area":177346.191,"bbox":[2.0,458.06,285.15,621.94],"iscrowd":0,"attributes":{"occluded":false,"rotation":0.0}},{"id":107,"image_id":85,"category_id":1,"segmentation":[],"area":364278.93120000005,"bbox":[465.19,8.06,377.82,964.16],"iscrowd":0,"attributes":{"occluded":false,"rotation":0.0}},{"id":108,"image_id":86,"category_id":2,"segmentation":[],"area":177346.191,"bbox":[2.0,458.06,285.15,621.94],"iscrowd":0,"attributes":{"occluded":false,"rotation":0.0}},{"id":109,"image_id":86,"category_id":1,"segmentation":[],"area":364278.93120000005,"bbox":[465.19,8.06,377.82,964.16],"iscrowd":0,"attributes":{"occluded":false,"rotation":0.0}},{"id":110,"image_id":87,"category_id":1,"segmentation":[],"area":364278.93120000005,"bbox":[465.19,8.06,377.82,964.16],"iscrowd":0,"attributes":{"occluded":false,"rotation":0.0}},{"id":111,"image_id":87,"category_id":2,"segmentation":[],"area":223277.0726,"bbox":[1178.24,541.8,655.81,340.46],"iscrowd":0,"attributes":{"occluded":false,"rotation":0.0}},{"id":112,"image_id":87,"category_id":1,"segmentation":[],"area":72008.69280000002,"bbox":[942.81,275.39,176.44,408.12],"iscrowd":0,"attributes":{"occluded":false,"rotation":0.0}},{"id":113,"image_id":87,"category_id":2,"segmentation":[],"area":177346.191,"bbox":[2.0,458.06,285.15,621.94],"iscrowd":0,"attributes":{"occluded":false,"rotation":0.0}},{"id":114,"image_id":88,"category_id":1,"segmentation":[],"area":364278.93120000005,"bbox":[465.19,8.06,377.82,964.16],"iscrowd":0,"attributes":{"occluded":false,"rotation":0.0}},{"id":115,"image_id":88,"category_id":2,"segmentation":[],"area":177346.191,"bbox":[2.0,458.06,285.15,621.94],"iscrowd":0,"attributes":{"occluded":false,"rotation":0.0}},{"id":116,"image_id":89,"category_id":1,"segmentation":[],"area":364278.93120000005,"bbox":[465.19,8.06,377.82,964.16],"iscrowd":0,"attributes":{"occluded":false,"rotation":0.0}},{"id":117,"image_id":89,"category_id":2,"segmentation":[],"area":177346.191,"bbox":[2.0,458.06,285.15,621.94],"iscrowd":0,"attributes":{"occluded":false,"rotation":0.0}},{"id":118,"image_id":90,"category_id":2,"segmentation":[],"area":177346.191,"bbox":[2.0,458.06,285.15,621.94],"iscrowd":0,"attributes":{"occluded":false,"rotation":0.0}},{"id":119,"image_id":91,"category_id":2,"segmentation":[],"area":177346.191,"bbox":[2.0,458.06,285.15,621.94],"iscrowd":0,"attributes":{"occluded":false,"rotation":0.0}},{"id":120,"image_id":92,"category_id":2,"segmentation":[],"area":193619.70150000002,"bbox":[2.0,392.12,285.15,679.01],"iscrowd":0,"attributes":{"occluded":false,"rotation":0.0}},{"id":121,"image_id":92,"category_id":2,"segmentation":[],"area":235555.97849999997,"bbox":[1172.89,568.55,746.73,315.45],"iscrowd":0,"attributes":{"occluded":false,"rotation":0.0}},{"id":122,"image_id":93,"category_id":1,"segmentation":[],"area":148642.6623,"bbox":[401.03,644.3,579.21,256.63],"iscrowd":0,"attributes":{"occluded":false,"rotation":0.0}},{"id":123,"image_id":93,"category_id":2,"segmentation":[],"area":175752.09,"bbox":[16.26,384.99,260.2,675.45],"iscrowd":0,"attributes":{"occluded":false,"rotation":0.0}},{"id":124,"image_id":94,"category_id":1,"segmentation":[],"area":181729.1425,"bbox":[308.36,638.95,684.35,265.55],"iscrowd":0,"attributes":{"occluded":false,"rotation":0.0}},{"id":125,"image_id":94,"category_id":2,"segmentation":[],"area":174939.61860000002,"bbox":[7.35,390.34,272.67,641.58],"iscrowd":0,"attributes":{"occluded":false,"rotation":0.0}},{"id":126,"image_id":94,"category_id":2,"segmentation":[],"area":141671.74949999998,"bbox":[1172.89,568.55,449.11,315.45],"iscrowd":0,"attributes":{"occluded":false,"rotation":0.0}},{"id":127,"image_id":95,"category_id":2,"segmentation":[],"area":191406.49640000003,"bbox":[1206.75,552.52,577.43,331.48],"iscrowd":0,"attributes":{"occluded":false,"rotation":0.0}},{"id":128,"image_id":95,"category_id":1,"segmentation":[],"area":95792.48010000002,"bbox":[721.82,635.39,463.37,206.73],"iscrowd":0,"attributes":{"occluded":false,"rotation":0.0}},{"id":129,"image_id":95,"category_id":2,"segmentation":[],"area":190225.98209999996,"bbox":[7.35,386.77,286.93,662.97],"iscrowd":0,"attributes":{"occluded":false,"rotation":0.0}},{"id":130,"image_id":96,"category_id":2,"segmentation":[],"area":156737.73559999999,"bbox":[16.26,397.47,267.32,586.33],"iscrowd":0,"attributes":{"occluded":false,"rotation":0.0}},{"id":131,"image_id":96,"category_id":1,"segmentation":[],"area":185810.74620000002,"bbox":[379.64,656.77,801.98,231.69],"iscrowd":0,"attributes":{"occluded":false,"rotation":0.0}},{"id":132,"image_id":97,"category_id":2,"segmentation":[],"area":182376.01200000002,"bbox":[9.13,386.77,294.06,620.2],"iscrowd":0,"attributes":{"occluded":false,"rotation":0.0}},{"id":133,"image_id":97,"category_id":1,"segmentation":[],"area":82324.33770000002,"bbox":[727.17,642.52,320.79,256.63],"iscrowd":0,"attributes":{"occluded":false,"rotation":0.0}},{"id":134,"image_id":98,"category_id":1,"segmentation":[],"area":84975.83279999997,"bbox":[723.6,638.95,324.36,261.98],"iscrowd":0,"attributes":{"occluded":false,"rotation":0.0}},{"id":135,"image_id":99,"category_id":1,"segmentation":[],"area":90977.43050000002,"bbox":[728.95,635.39,331.49,274.45],"iscrowd":0,"attributes":{"occluded":false,"rotation":0.0}},{"id":136,"image_id":100,"category_id":1,"segmentation":[],"area":38695.317800000004,"bbox":[744.99,678.16,233.47,165.74],"iscrowd":0,"attributes":{"occluded":false,"rotation":0.0}},{"id":137,"image_id":101,"category_id":1,"segmentation":[],"area":28054.763999999977,"bbox":[736.08,715.58,215.64,130.1],"iscrowd":0,"attributes":{"occluded":false,"rotation":0.0}},{"id":138,"image_id":104,"category_id":1,"segmentation":[],"area":52177.003200000014,"bbox":[737.86,656.77,263.76,197.82],"iscrowd":0,"attributes":{"occluded":false,"rotation":0.0}},{"id":139,"image_id":106,"category_id":1,"segmentation":[],"area":9413.4186,"bbox":[1267.17,658.56,101.58,92.67],"iscrowd":0,"attributes":{"occluded":false,"rotation":0.0}},{"id":140,"image_id":107,"category_id":1,"segmentation":[],"area":9089.868000000006,"bbox":[1267.17,662.12,96.24,94.45],"iscrowd":0,"attributes":{"occluded":false,"rotation":0.0}},{"id":141,"image_id":107,"category_id":2,"segmentation":[],"area":217350.28549999997,"bbox":[1156.85,536.48,648.71,335.05],"iscrowd":0,"attributes":{"occluded":false,"rotation":0.0}},{"id":142,"image_id":108,"category_id":1,"segmentation":[],"area":10639.73399999999,"bbox":[1306.38,546.28,119.4,89.11],"iscrowd":0,"attributes":{"occluded":false,"rotation":0.0}},{"id":143,"image_id":109,"category_id":1,"segmentation":[],"area":36933.15149999998,"bbox":[1363.41,492.81,272.67,135.45],"iscrowd":0,"attributes":{"occluded":false,"rotation":0.0}},{"id":144,"image_id":109,"category_id":2,"segmentation":[],"area":170693.40869999997,"bbox":[1194.28,556.08,566.73,301.19],"iscrowd":0,"attributes":{"occluded":false,"rotation":0.0}},{"id":145,"image_id":110,"category_id":1,"segmentation":[],"area":109624.13249999999,"bbox":[1343.8,421.53,525.75,208.51],"iscrowd":0,"attributes":{"occluded":false,"rotation":0.0}},{"id":146,"image_id":110,"category_id":2,"segmentation":[],"area":204086.68860000005,"bbox":[1163.98,557.86,632.67,322.58],"iscrowd":0,"attributes":{"occluded":false,"rotation":0.0}},{"id":147,"image_id":111,"category_id":1,"segmentation":[],"area":80878.53529999999,"bbox":[1352.71,480.34,567.29,142.57],"iscrowd":0,"attributes":{"occluded":false,"rotation":0.0}},{"id":148,"image_id":111,"category_id":2,"segmentation":[],"area":216103.39139999993,"bbox":[1160.42,534.7,641.58,336.83],"iscrowd":0,"attributes":{"occluded":false,"rotation":0.0}},{"id":149,"image_id":112,"category_id":1,"segmentation":[],"area":46648.24100000003,"bbox":[1530.93,462.52,384.95,121.18],"iscrowd":0,"attributes":{"occluded":false,"rotation":0.0}},{"id":150,"image_id":112,"category_id":1,"segmentation":[],"area":105652.80670000003,"bbox":[1151.33,254.0,352.87,299.41],"iscrowd":0,"attributes":{"occluded":false,"rotation":0.0}},{"id":151,"image_id":112,"category_id":2,"segmentation":[],"area":241624.53250000003,"bbox":[1149.72,579.25,744.95,324.35],"iscrowd":0,"attributes":{"occluded":false,"rotation":0.0}},{"id":152,"image_id":113,"category_id":1,"segmentation":[],"area":135448.61590000003,"bbox":[1117.47,214.79,415.27,326.17],"iscrowd":0,"attributes":{"occluded":false,"rotation":0.0}},{"id":153,"image_id":113,"category_id":2,"segmentation":[],"area":241626.37589999996,"bbox":[1146.16,573.9,728.91,331.49],"iscrowd":0,"attributes":{"occluded":false,"rotation":0.0}},{"id":154,"image_id":113,"category_id":1,"segmentation":[],"area":44175.66299999999,"bbox":[1593.31,460.73,326.14,135.45],"iscrowd":0,"attributes":{"occluded":false,"rotation":0.0}},{"id":155,"image_id":113,"category_id":2,"segmentation":[],"area":153952.44879999998,"bbox":[12.69,436.67,269.11,572.08],"iscrowd":0,"attributes":{"occluded":false,"rotation":0.0}},{"id":156,"image_id":114,"category_id":1,"segmentation":[],"area":164633.70519999997,"bbox":[974.89,125.68,384.91,427.72],"iscrowd":0,"attributes":{"occluded":false,"rotation":0.0}},{"id":157,"image_id":114,"category_id":2,"segmentation":[],"area":233544.74700000003,"bbox":[1165.76,566.8,682.58,342.15],"iscrowd":0,"attributes":{"occluded":false,"rotation":0.0}},{"id":158,"image_id":114,"category_id":2,"segmentation":[],"area":162094.46759999995,"bbox":[10.91,408.16,281.59,575.64],"iscrowd":0,"attributes":{"occluded":false,"rotation":0.0}},{"id":159,"image_id":114,"category_id":1,"segmentation":[],"area":23286.11759999996,"bbox":[1808.95,6.28,92.67,251.28],"iscrowd":0,"attributes":{"occluded":false,"rotation":0.0}},{"id":160,"image_id":114,"category_id":1,"segmentation":[],"area":37809.749399999986,"bbox":[1587.96,467.86,331.49,114.06],"iscrowd":0,"attributes":{"occluded":false,"rotation":0.0}},{"id":161,"image_id":114,"category_id":1,"segmentation":[],"area":29841.475500000026,"bbox":[1356.28,6.28,144.35,206.73],"iscrowd":0,"attributes":{"occluded":false,"rotation":0.0}},{"id":162,"image_id":115,"category_id":1,"segmentation":[],"area":82704.75900000003,"bbox":[1363.41,474.99,552.47,149.7],"iscrowd":0,"attributes":{"occluded":false,"rotation":0.0}},{"id":163,"image_id":115,"category_id":2,"segmentation":[],"area":255093.88679999998,"bbox":[1162.2,564.99,737.82,345.74],"iscrowd":0,"attributes":{"occluded":false,"rotation":0.0}},{"id":164,"image_id":116,"category_id":1,"segmentation":[],"area":466768.72199999995,"bbox":[1154.89,13.41,752.61,620.2],"iscrowd":0,"attributes":{"occluded":false,"rotation":0.0}},{"id":165,"image_id":116,"category_id":2,"segmentation":[],"area":253922.6638,"bbox":[1146.16,568.56,753.86,336.83],"iscrowd":0,"attributes":{"occluded":false,"rotation":0.0}},{"id":166,"image_id":117,"category_id":1,"segmentation":[],"area":466768.72199999995,"bbox":[1154.89,13.41,752.61,620.2],"iscrowd":0,"attributes":{"occluded":false,"rotation":0.0}},{"id":167,"image_id":117,"category_id":2,"segmentation":[],"area":253922.6638,"bbox":[1146.16,568.56,753.86,336.83],"iscrowd":0,"attributes":{"occluded":false,"rotation":0.0}},{"id":168,"image_id":118,"category_id":1,"segmentation":[],"area":87675.11999999998,"bbox":[1354.5,462.52,565.5,155.04],"iscrowd":0,"attributes":{"occluded":false,"rotation":0.0}},{"id":169,"image_id":118,"category_id":1,"segmentation":[],"area":59152.65660000005,"bbox":[1318.85,4.5,171.09,345.74],"iscrowd":0,"attributes":{"occluded":false,"rotation":0.0}},{"id":170,"image_id":119,"category_id":1,"segmentation":[],"area":84899.71999999999,"bbox":[1379.45,474.99,529.3,160.4],"iscrowd":0,"attributes":{"occluded":false,"rotation":0.0}},{"id":171,"image_id":120,"category_id":1,"segmentation":[],"area":92447.5023999999,"bbox":[1334.89,2.71,176.44,523.96],"iscrowd":0,"attributes":{"occluded":false,"rotation":0.0}},{"id":172,"image_id":135,"category_id":1,"segmentation":[],"area":608294.7100000001,"bbox":[249.5,434.0,1338.5,454.46],"iscrowd":0,"attributes":{"occluded":false,"rotation":0.0}},{"id":173,"image_id":135,"category_id":2,"segmentation":[],"area":225633.4919999999,"bbox":[1176.46,550.73,659.4,342.18],"iscrowd":0,"attributes":{"occluded":false,"rotation":0.0}},{"id":174,"image_id":136,"category_id":1,"segmentation":[],"area":623662.0519999999,"bbox":[196.08,366.3,1272.52,490.1],"iscrowd":0,"attributes":{"occluded":false,"rotation":0.0}},{"id":175,"image_id":136,"category_id":2,"segmentation":[],"area":208419.12239999996,"bbox":[1149.72,534.69,605.94,343.96],"iscrowd":0,"attributes":{"occluded":false,"rotation":0.0}},{"id":176,"image_id":137,"category_id":1,"segmentation":[],"area":793929.951,"bbox":[287.0,179.1,1306.3,607.77],"iscrowd":0,"attributes":{"occluded":false,"rotation":0.0}},{"id":177,"image_id":137,"category_id":2,"segmentation":[],"area":182710.4222,"bbox":[1169.33,541.82,525.74,347.53],"iscrowd":0,"attributes":{"occluded":false,"rotation":0.0}},{"id":178,"image_id":138,"category_id":1,"segmentation":[],"area":56817.18900000006,"bbox":[1734.1,567.66,185.35,306.54],"iscrowd":0,"attributes":{"occluded":false,"rotation":0.0}},{"id":179,"image_id":138,"category_id":1,"segmentation":[],"area":344962.69200000004,"bbox":[755.68,311.0,768.12,449.1],"iscrowd":0,"attributes":{"occluded":false,"rotation":0.0}},{"id":180,"image_id":139,"category_id":2,"segmentation":[],"area":250715.88360000006,"bbox":[1169.33,568.56,728.91,343.96],"iscrowd":0,"attributes":{"occluded":false,"rotation":0.0}},{"id":181,"image_id":139,"category_id":2,"segmentation":[],"area":172415.97199999998,"bbox":[0.22,401.03,292.28,589.9],"iscrowd":0,"attributes":{"occluded":false,"rotation":0.0}},{"id":182,"image_id":140,"category_id":1,"segmentation":[],"area":263411.67600000004,"bbox":[762.81,391.23,671.9,392.04],"iscrowd":0,"attributes":{"occluded":false,"rotation":0.0}},{"id":183,"image_id":142,"category_id":2,"segmentation":[],"area":188693.77589999998,"bbox":[7.35,363.6,286.93,657.63],"iscrowd":0,"attributes":{"occluded":false,"rotation":0.0}},{"id":184,"image_id":142,"category_id":2,"segmentation":[],"area":169608.40959999998,"bbox":[1165.76,532.91,475.84,356.44],"iscrowd":0,"attributes":{"occluded":false,"rotation":0.0}}]}