{"licenses":[{"name":"","id":0,"url":""}],"info":{"contributor":"","date_created":"","description":"","url":"","version":"","year":""},"categories":[{"id":1,"name":"lightning-bolt","supercategory":""},{"id":2,"name":"building","supercategory":""}],"images":[{"id":1,"width":1920,"height":1080,"file_name":"frame_00000.jpg","license":0,"flickr_url":"","coco_url":"","date_captured":0},{"id":2,"width":1920,"height":1080,"file_name":"frame_00001.jpg","license":0,"flickr_url":"","coco_url":"","date_captured":0},{"id":3,"width":1920,"height":1080,"file_name":"frame_00002.jpg","license":0,"flickr_url":"","coco_url":"","date_captured":0},{"id":4,"width":1920,"height":1080,"file_name":"frame_00003.jpg","license":0,"flickr_url":"","coco_url":"","date_captured":0},{"id":5,"width":1920,"height":1080,"file_name":"frame_00004.jpg","license":0,"flickr_url":"","coco_url":"","date_captured":0},{"id":6,"width":1920,"height":1080,"file_name":"frame_00005.jpg","license":0,"flickr_url":"","coco_url":"","date_captured":0},{"id":7,"width":1920,"height":1080,"file_name":"frame_00006.jpg","license":0,"flickr_url":"","coco_url":"","date_captured":0},{"id":8,"width":1920,"height":1080,"file_name":"frame_00007.jpg","license":0,"flickr_url":"","coco_url":"","date_captured":0},{"id":9,"width":1920,"height":1080,"file_name":"frame_00008.jpg","license":0,"flickr_url":"","coco_url":"","date_captured":0},{"id":10,"width":1920,"height":1080,"file_name":"frame_00009.jpg","license":0,"flickr_url":"","coco_url":"","date_captured":0},{"id":11,"width":1920,"height":1080,"file_name":"frame_00010.jpg","license":0,"flickr_url":"","coco_url":"","date_captured":0},{"id":12,"width":1920,"height":1080,"file_name":"frame_00011.jpg","license":0,"flickr_url":"","coco_url":"","date_captured":0},{"id":13,"width":1920,"height":1080,"file_name":"frame_00012.jpg","license":0,"flickr_url":"","coco_url":"","date_captured":0},{"id":14,"width":1920,"height":1080,"file_name":"frame_00013.jpg","license":0,"flickr_url":"","coco_url":"","date_captured":0},{"id":15,"width":1920,"height":1080,"file_name":"frame_00014.jpg","license":0,"flickr_url":"","coco_url":"","date_captured":0},{"id":16,"width":1920,"height":1080,"file_name":"frame_00015.jpg","license":0,"flickr_url":"","coco_url":"","date_captured":0},{"id":17,"width":1920,"height":1080,"file_name":"frame_00016.jpg","license":0,"flickr_url":"","coco_url":"","date_captured":0},{"id":18,"width":1920,"height":1080,"file_name":"frame_00017.jpg","license":0,"flickr_url":"","coco_url":"","date_captured":0},{"id":19,"width":1920,"height":1080,"file_name":"frame_00018.jpg","license":0,"flickr_url":"","coco_url":"","date_captured":0},{"id":20,"width":1920,"height":1080,"file_name":"frame_00019.jpg","license":0,"flickr_url":"","coco_url":"","date_captured":0},{"id":21,"width":1920,"height":1080,"file_name":"frame_00020.jpg","license":0,"flickr_url":"","coco_url":"","date_captured":0},{"id":22,"width":1920,"height":1080,"file_name":"frame_00021.jpg","license":0,"flickr_url":"","coco_url":"","date_captured":0},{"id":23,"width":1920,"height":1080,"file_name":"frame_00022.jpg","license":0,"flickr_url":"","coco_url":"","date_captured":0},{"id":24,"width":1920,"height":1080,"file_name":"frame_00023.jpg","license":0,"flickr_url":"","coco_url":"","date_captured":0},{"id":25,"width":1920,"height":1080,"file_name":"frame_00024.jpg","license":0,"flickr_url":"","coco_url":"","date_captured":0},{"id":26,"width":1920,"height":1080,"file_name":"frame_00025.jpg","license":0,"flickr_url":"","coco_url":"","date_captured":0},{"id":27,"width":1920,"height":1080,"file_name":"frame_00026.jpg","license":0,"flickr_url":"","coco_url":"","date_captured":0},{"id":28,"width":1920,"height":1080,"file_name":"frame_00027.jpg","license":0,"flickr_url":"","coco_url":"","date_captured":0},{"id":29,"width":1920,"height":1080,"file_name":"frame_00028.jpg","license":0,"flickr_url":"","coco_url":"","date_captured":0},{"id":30,"width":1920,"height":1080,"file_name":"frame_00029.jpg","license":0,"flickr_url":"","coco_url":"","date_captured":0},{"id":31,"width":1920,"height":1080,"file_name":"frame_00030.jpg","license":0,"flickr_url":"","coco_url":"","date_captured":0},{"id":32,"width":1920,"height":1080,"file_name":"frame_00031.jpg","license":0,"flickr_url":"","coco_url":"","date_captured":0},{"id":33,"width":1920,"height":1080,"file_name":"frame_00032.jpg","license":0,"flickr_url":"","coco_url":"","date_captured":0},{"id":34,"width":1920,"height":1080,"file_name":"frame_00033.jpg","license":0,"flickr_url":"","coco_url":"","date_captured":0},{"id":35,"width":1920,"height":1080,"file_name":"frame_00034.jpg","license":0,"flickr_url":"","coco_url":"","date_captured":0},{"id":36,"width":1920,"height":1080,"file_name":"frame_00035.jpg","license":0,"flickr_url":"","coco_url":"","date_captured":0},{"id":37,"width":1920,"height":1080,"file_name":"frame_00036.jpg","license":0,"flickr_url":"","coco_url":"","date_captured":0},{"id":38,"width":1920,"height":1080,"file_name":"frame_00037.jpg","license":0,"flickr_url":"","coco_url":"","date_captured":0},{"id":39,"width":1920,"height":1080,"file_name":"frame_00038.jpg","license":0,"flickr_url":"","coco_url":"","date_captured":0},{"id":40,"width":1920,"height":1080,"file_name":"frame_00039.jpg","license":0,"flickr_url":"","coco_url":"","date_captured":0},{"id":41,"width":1920,"height":1080,"file_name":"frame_00040.jpg","license":0,"flickr_url":"","coco_url":"","date_captured":0},{"id":42,"width":1920,"height":1080,"file_name":"frame_00041.jpg","license":0,"flickr_url":"","coco_url":"","date_captured":0}],"annotations":[{"id":1,"image_id":6,"category_id":1,"segmentation":[],"area":39194.142000000036,"bbox":[448.09,658.3,386.53,101.4],"iscrowd":0,"attributes":{"occluded":false,"rotation":359.9}},{"id":2,"image_id":6,"category_id":2,"segmentation":[],"area":14674.003899999994,"bbox":[923.39,869.74,106.93,137.23],"iscrowd":0,"attributes":{"occluded":false,"rotation":0.0}},{"id":3,"image_id":6,"category_id":2,"segmentation":[],"area":55865.668499999956,"bbox":[1297.64,757.47,219.21,254.85],"iscrowd":0,"attributes":{"occluded":false,"rotation":0.0}},{"id":4,"image_id":7,"category_id":1,"segmentation":[],"area":24934.7775,"bbox":[314.49,664.7,223.13,111.75],"iscrowd":0,"attributes":{"occluded":false,"rotation":359.0}},{"id":5,"image_id":7,"category_id":2,"segmentation":[],"area":55865.668499999956,"bbox":[1297.64,757.47,219.21,254.85],"iscrowd":0,"attributes":{"occluded":false,"rotation":0.0}},{"id":6,"image_id":7,"category_id":2,"segmentation":[],"area":14674.003899999994,"bbox":[923.39,869.74,106.93,137.23],"iscrowd":0,"attributes":{"occluded":false,"rotation":0.0}},{"id":7,"image_id":8,"category_id":2,"segmentation":[],"area":55865.668499999956,"bbox":[1297.64,757.47,219.21,254.85],"iscrowd":0,"attributes":{"occluded":false,"rotation":0.0}},{"id":8,"image_id":8,"category_id":2,"segmentation":[],"area":14674.003899999994,"bbox":[923.39,869.74,106.93,137.23],"iscrowd":0,"attributes":{"occluded":false,"rotation":0.0}},{"id":9,"image_id":8,"category_id":1,"segmentation":[],"area":67893.0318,"bbox":[454.35,650.16,361.46,187.83],"iscrowd":0,"attributes":{"occluded":false,"rotation":359.8}},{"id":10,"image_id":9,"category_id":2,"segmentation":[],"area":55865.668499999956,"bbox":[1297.64,757.47,219.21,254.85],"iscrowd":0,"attributes":{"occluded":false,"rotation":0.0}},{"id":11,"image_id":9,"category_id":1,"segmentation":[],"area":72512.76000000002,"bbox":[189.11,684.04,450.95,160.8],"iscrowd":0,"attributes":{"occluded":false,"rotation":0.3}},{"id":12,"image_id":9,"category_id":2,"segmentation":[],"area":14674.003899999994,"bbox":[923.39,869.74,106.93,137.23],"iscrowd":0,"attributes":{"occluded":false,"rotation":0.0}},{"id":13,"image_id":10,"category_id":2,"segmentation":[],"area":14674.003899999994,"bbox":[923.39,869.74,106.93,137.23],"iscrowd":0,"attributes":{"occluded":false,"rotation":0.0}},{"id":14,"image_id":10,"category_id":1,"segmentation":[],"area":41406.23899999999,"bbox":[293.77,724.5,336.91,122.9],"iscrowd":0,"attributes":{"occluded":false,"rotation":0.2}},{"id":15,"image_id":10,"category_id":1,"segmentation":[],"area":112093.76979999995,"bbox":[675.22,693.69,590.62,189.79],"iscrowd":0,"attributes":{"occluded":false,"rotation":359.1}},{"id":16,"image_id":10,"category_id":2,"segmentation":[],"area":55865.668499999956,"bbox":[1297.64,757.47,219.21,254.85],"iscrowd":0,"attributes":{"occluded":false,"rotation":0.0}},{"id":17,"image_id":11,"category_id":1,"segmentation":[],"area":201621.5759999999,"bbox":[232.3,677.58,1021.8,197.32],"iscrowd":0,"attributes":{"occluded":false,"rotation":0.2}},{"id":18,"image_id":12,"category_id":1,"segmentation":[],"area":20730.84000000002,"bbox":[1180.8,694.53,116.4,178.1],"iscrowd":0,"attributes":{"occluded":false,"rotation":0.0}},{"id":19,"image_id":12,"category_id":2,"segmentation":[],"area":55865.668499999956,"bbox":[1297.64,757.47,219.21,254.85],"iscrowd":0,"attributes":{"occluded":false,"rotation":0.0}},{"id":20,"image_id":12,"category_id":2,"segmentation":[],"area":14674.003899999994,"bbox":[923.39,869.74,106.93,137.23],"iscrowd":0,"attributes":{"occluded":false,"rotation":0.0}},{"id":21,"image_id":14,"category_id":2,"segmentation":[],"area":55865.668499999956,"bbox":[1297.64,757.47,219.21,254.85],"iscrowd":0,"attributes":{"occluded":false,"rotation":0.0}},{"id":22,"image_id":14,"category_id":1,"segmentation":[],"area":61337.21580000003,"bbox":[1071.06,699.2,221.61,276.78],"iscrowd":0,"attributes":{"occluded":false,"rotation":359.2}},{"id":23,"image_id":14,"category_id":2,"segmentation":[],"area":14674.003899999994,"bbox":[923.39,869.74,106.93,137.23],"iscrowd":0,"attributes":{"occluded":false,"rotation":0.0}}]}